serie,modelo,periodos_previstos,valores_previstos,SMAPE,MAE,RMSE
Produto,qwen/qwen3.5-397b-a17b,71,"[108.1, 32.6, 50.5, 179.6, 272.2, 185.8, 134.3, 285.7, 83.1, 252.9, 262.6, 146.2, 143.7, 172.9, 231.0, 343.8, 308.6, 68.2, 143.0, 265.8, 105.3, 214.6, 194.6, 358.7, 192.5, 293.7, 126.7, 217.1, 234.0, 116.8, 325.7, 229.8, 182.9, 266.9, 246.5, 158.1, 339.1, 128.6, 57.6, 211.0, 332.5, 167.6, 179.2, 208.5, 538.3, 319.0, 312.9, 199.8, 164.1, 34.2, 183.4, 180.4, 103.8, 109.5, 228.0, 438.6, 257.6, 453.8, 290.9, 308.6, 391.3, 22.2, 227.5, 302.3, 273.2, 420.3, 513.8, 214.5, 339.5, 244.1, 157.9]",65.8,113.84,144.94
Produto,qwen/qwen3.5-397b-a17b,71,"[76.5, 255.0, 12.75, 216.75, 191.25, 229.5, 280.5, 204.0, 357.0, 114.75, 293.25, 140.25, 25.5, 153.0, 318.75, 395.25, 408.0, 612.0, 331.5, 293.25, 255.0, 216.75, 178.5, 204.0, 280.5, 420.75, 89.25, 140.25, 191.25, 204.0, 471.75, 165.75, 89.25, 63.75, 306.0, 357.0, 395.25, 318.75, 165.75, 280.5, 127.5, 293.25, 38.25, 102.0, 229.5, 459.0, 293.25, 89.25, 204.0, 799.5, 306.0, 114.75, 331.5, 267.75, 76.5, 216.75, 140.25, 229.5, 306.0, 331.5, 420.75, 102.0, 216.75, 369.75, 331.5, 484.5, 280.5, 675.75, 369.75, 318.75, 153.0]",72.35,149.84,190.8
Produto,qwen/qwen3.5-397b-a17b,71,"[159.4, 87.3, 183.6, 201.5, 142.8, 176.2, 234.7, 208.9, 112.4, 268.3, 245.6, 108.9, 165.3, 241.8, 156.9, 297.4, 318.2, 198.7, 234.5, 189.3, 156.8, 198.4, 176.5, 212.3, 198.7, 312.4, 98.7, 187.6, 156.4, 178.9, 389.2, 167.8, 112.3, 245.6, 298.7, 312.5, 345.8, 287.6, 178.9, 234.5, 108.9, 256.7, 34.5, 98.7, 189.4, 378.9, 212.4, 102.3, 167.8, 612.5, 212.3, 98.7, 267.8, 201.5, 67.8, 178.9, 102.3, 198.7, 267.8, 278.9, 356.7, 78.9, 167.8, 298.7, 278.9, 398.7, 201.5, 512.3, 298.7, 267.8, 112.3]",67.45,120.19,148.95
Produto,qwen/qwen3.5-397b-a17b,71,"[153.0, 229.5, 102.0, 216.75, 191.25, 178.5, 267.75, 344.25, 102.0, 293.25, 267.75, 127.5, 178.5, 255.0, 178.5, 382.5, 382.5, 573.75, 306.0, 306.0, 267.75, 242.25, 191.25, 267.75, 255.0, 395.25, 76.5, 191.25, 165.75, 191.25, 446.25, 178.5, 102.0, 293.25, 344.25, 369.75, 382.5, 318.75, 153.0, 267.75, 114.75, 280.5, 25.5, 114.75, 216.75, 446.25, 267.75, 102.0, 193.2, 765.0, 280.5, 89.25, 306.0, 242.25, 63.75, 191.25, 114.75, 204.0, 293.25, 306.0, 395.25, 76.5, 191.25, 331.5, 306.0, 459.0, 255.0, 637.5, 331.5, 306.0, 127.5]",73.67,149.38,185.57
Produto,qwen/qwen3.5-397b-a17b,71,"[127.5, 446.25, 216.75, 267.75, 229.5, 344.25, 102.0, 0.0, 204.0, 331.5, 191.25, 153.0, 76.5, 255.0, 395.25, 369.75, 229.5, 293.25, 344.25, 204.0, 499.2, 0.0, 165.75, 0.0, 102.0, 216.75, 0.0, 191.25, 267.75, 140.25, 420.75, 51.0, 306.0, 216.75, 331.5, 204.0, 51.0, 178.5, 293.25, 38.25, 165.75, 0.0, 216.75, 76.5, 420.75, 408.0, 573.75, 255.0, 446.25, 153.0, 280.5, 89.25, 0.0, 12.75, 25.5, 63.75, 0.0, 89.25, 191.25, 446.25, 102.0, 0.0, 12.75, 38.25, 204.0, 369.75, 63.75, 408.0, 508.8, 459.0, 280.5]",89.68,144.93,181.02
País,qwen/qwen3.5-397b-a17b,72,"[9979.75, 10383.65, 0.0, 9883.01, 10997.83, 10909.47, 10433.86, 13188.69, 10575.43, 11429.57, 10694.9, 14583.95, 12929.37, 16034.69, 12105.68, 18530.19, 12013.74, 16104.73, 19026.21, 21971.26, 20051.56, 15707.97, 16094.12, 23103.69, 16945.83, 19748.35, 15762.66, 17795.97, 18841.28, 19756.89, 16915.84, 16798.46, 14349.52, 19815.47, 16325.29, 20907.23, 17409.71, 18271.69, 21383.23, 21030.47, 21318.35, 20706.74, 15357.93, 19098.74, 16539.35, 20876.23, 22796.56, 20134.28, 23698.76, 23290.69, 23881.12, 28711.54, 20867.28, 22154.93, 24095.51, 23578.12, 22389.87, 20592.61, 20146.33, 26239.77, 22329.65, 32402.81, 23359.68, 25921.79, 27417.69, 29247.51, 31925.13, 21516.54, 28415.94, 26965.83, 28269.99, 30001.04]",26.97,5244.85,7021.22
País,qwen/qwen3.5-397b-a17b,72,"[10520.45, 14832.19, 0.0, 9124.68, 12743.92, 11892.53, 15218.44, 10234.71, 16891.22, 13452.18, 12109.87, 17842.33, 11254.63, 22418.91, 15673.24, 19823.45, 14521.67, 21892.34, 24567.89, 18234.51, 23145.78, 16782.93, 19453.21, 25678.43, 17892.34, 21345.67, 15234.89, 23456.71, 26789.23, 19234.56, 24567.81, 17892.45, 22345.67, 28912.34, 20345.67, 27891.23, 18234.56, 24567.89, 31234.56, 22345.67, 29876.54, 19234.56, 25678.91, 33456.78, 24567.89, 32145.67, 20345.67, 27891.23, 35678.91, 26789.23, 34567.89, 22345.67, 29876.54, 38912.34, 28912.34, 36789.23, 24567.89, 32145.67, 40234.56, 30234.56, 38912.34, 26789.23, 34567.89, 42345.67, 32345.67, 40567.89, 28912.34, 36789.23, 44567.89, 34567.89, 42891.23, 31234.56]",29.74,6598.89,8408.93
País,qwen/qwen3.5-397b-a17b,72,"[12489.6432, 9384.12, 10567.34, 11245.87, 12893.41, 8765.23, 14231.56, 15678.92, 13456.78, 11987.65, 10234.56, 9876.54, 12345.67, 13567.89, 14789.01, 16012.34, 11234.56, 10987.65, 12654.32, 13789.45, 14567.89, 15234.67, 10987.32, 11234.56, 12456.78, 13678.9, 14890.12, 16101.23, 17312.34, 18523.45, 14567.89, 13456.78, 12345.67, 11234.56, 10123.45, 9012.34, 8901.23, 12345.67, 13456.78, 14567.89, 15678.9, 16789.01, 17890.12, 18901.23, 19012.34, 20123.45, 15678.9, 14567.89, 13456.78, 12345.67, 11234.56, 10123.45, 9012.34, 8901.23, 12345.67, 13456.78, 14567.89, 15678.9, 16789.01, 17890.12, 18901.23, 19012.34, 20123.45, 21234.56, 22345.67, 23456.78, 18901.23, 17890.12, 16789.01, 15678.9, 14567.89, 13456.78]",43.11,8005.95,9779.22
País,qwen/qwen3.5-397b-a17b,72,"[6940.54, 5892.31, 11245.76, 8921.43, 14672.08, 9345.67, 12378.21, 7821.95, 10123.44, 15234.87, 8901.23, 13456.78, 6789.01, 9876.54, 11234.56, 14321.09, 8765.43, 12098.76, 9876.54, 13245.67, 7654.32, 10987.65, 8765.43, 11234.56, 14567.89, 9876.54, 12345.67, 8765.43, 10987.65, 13456.78, 7654.32, 9876.54, 11234.56, 14321.09, 8765.43, 12098.76, 9876.54, 13245.67, 7654.32, 10987.65, 8765.43, 11234.56, 14567.89, 9876.54, 12345.67, 8765.43, 10987.65, 13456.78, 7654.32, 9876.54, 11234.56, 14321.09, 8765.43, 12098.76, 9876.54, 13245.67, 7654.32, 10987.65, 8765.43, 11234.56, 14567.89, 9876.54, 12345.67, 8765.43, 10987.65, 13456.78, 7654.32, 9876.54, 11234.56, 14321.09, 8765.43, 12098.76]",67.04,11350.53,12912.14
País,qwen/qwen3.5-397b-a17b,72,"[9324.51, 14825.63, 0.0, 10895.33, 12650.12, 18245.86, 13412.84, 16789.21, 21543.67, 26890.43, 19450.32, 12380.42, 18670.23, 23450.67, 17890.45, 25670.89, 15230.67, 19870.34, 27650.91, 22130.45, 21450.78, 14230.62, 20150.89, 28430.56, 16780.23, 24560.89, 21340.45, 17890.56, 22450.91, 19120.32, 24780.66, 15560.72, 17890.65, 27000.23, 17890.48, 22256.84, 19023.48, 17430.92, 26780.37, 17690.46, 14230.56, 21430.58, 15240.52, 25670.78, 18920.92, 31450.32, 16230.74, 17890.23, 26524.45, 19023.45, 26780.89, 29430.27, 18760.32, 22310.78, 26370.88, 27025.23, 17690.78, 16780.55, 18490.78, 30540.32, 23100.65, 38780.23, 15025.78, 21230.84, 29000.56, 35780.88, 19430.52, 32390.24, 21000.88, 36100.45, 26890.56, 18240.28]",28.09,5630.42,7107.54
Cliente,qwen/qwen3.5-397b-a17b,99,"[0.0, 0.0, 0.0, 0.0, 0.0, 0.0, 0.0, 0.0, 0.0, 0.0, 0.0, 0.0, 0.0, 0.0, 0.0, 0.0, 0.0, 0.0, 0.0, 0.0, 0.0, 0.0, 0.0, 0.0, 0.0, 0.0, 0.0, 0.0, 0.0, 0.0, 0.0, 0.0, 0.0, 0.0, 0.0, 0.0, 0.0, 0.0, 0.0, 0.0, 0.0, 0.0, 0.0, 0.0, 0.0, 0.0, 0.0, 0.0, 0.0, 0.0, 0.0, 0.0, 0.0, 0.0, 0.0, 0.0, 0.0, 0.0, 0.0, 0.0, 0.0, 0.0, 0.0, 0.0, 0.0, 0.0, 0.0, 0.0, 0.0, 0.0, 0.0, 0.0, 0.0, 0.0, 0.0, 0.0, 0.0, 0.0, 0.0, 0.0, 0.0, 0.0, 0.0, 0.0, 0.0, 0.0, 0.0, 0.0, 0.0, 0.0, 0.0, 0.0, 0.0, 0.0, 0.0, 0.0, 0.0, 0.0, 0.0]",105.05,529.08,911.4
Cliente,qwen/qwen3.5-397b-a17b,99,"[0.0, 0.0, 0.0, 578.45, 0.0, 0.0, 0.0, 891.32, 0.0, 0.0, 0.0, 654.31, 0.0, 0.0, 926.37, 0.0, 0.0, 0.0, 734.12, 1532.61, 0.0, 0.0, 0.0, 0.0, 421.22, 1562.33, 1985.44, 526.18, 0.0, 0.0, 0.0, 0.0, 0.0, 332.56, 0.0, 0.0, 724.57, 0.0, 0.0, 0.0, 0.0, 892.42, 0.0, 0.0, 0.0, 0.0, 0.0, 0.0, 338.47, 923.41, 1004.08, 0.0, 0.0, 0.0, 0.0, 0.0, 0.0, 243.52, 0.0, 0.0, 0.0, 0.0, 614.22, 0.0, 823.65, 1089.23, 0.0, 865.12, 0.0, 0.0, 0.0, 1532.84, 0.0, 0.0, 0.0, 0.0, 0.0, 0.0, 486.31, 381.64, 617.38, 826.52, 0.0, 951.22, 0.0, 0.0, 0.0, 0.0, 0.0, 427.18, 246.84, 0.0, 0.0, 0.0, 0.0, 0.0, 0.0, 623.64, 0.0]",101.35,503.64,822.14
Cliente,qwen/qwen3.5-397b-a17b,99,"[241.475, 0.0, 0.0, 0.0, 0.0, 0.0, 0.0, 398.5, 0.0, 0.0, 0.0, 0.0, 507.86, 0.0, 839.65, 0.0, 0.0, 0.0, 499.74, 1254.37, 0.0, 0.0, 0.0, 0.0, 187.85, 1926.41, 880.92, 408.55, 814.4, 0.0, 0.0, 5603.15, 401.4, 427.64, 0.0, 0.0, 337.7, 0.0, 0.0, 448.49, 0.0, 600.85, 1083.33, 0.0, 0.0, 0.0, 0.0, 297.1, 762.55, 171.42, 709.65, 0.0, 0.0, 0.0, 1062.13, 837.9, 4251.6, 1372.55, 0.0, 0.0, 0.0, 716.09, 0.0, 944.53, 942.47, 1134.1, 0.0, 723.22, 0.0, 1364.68, 695.38, 0.0, 1413.64, 0.0, 0.0, 1044.92, 1140.86, 0.0, 1376.28, 122.5, 0.0, 287.75, 175.2, 512.01, 0.0, 0.0, 325.56, 0.0, 0.0, 0.0, 0.0, 598.16, 45.0, 2508.06, 0.0, 0.0, 1272.8, 0.0, 0.0]",115.5,703.01,1170.0
Cliente,qwen/qwen3.5-397b-a17b,99,"[0.0, 0.0, 0.0, 0.0, 0.0, 0.0, 205.12, 0.0, 0.0, 0.0, 0.0, 0.0, 0.0, 0.0, 0.0, 0.0, 0.0, 0.0, 0.0, 0.0, 0.0, 0.0, 0.0, 0.0, 0.0, 0.0, 0.0, 0.0, 0.0, 0.0, 0.0, 0.0, 0.0, 0.0, 0.0, 0.0, 0.0, 0.0, 0.0, 0.0, 0.0, 0.0, 0.0, 0.0, 0.0, 0.0, 0.0, 0.0, 0.0, 0.0, 0.0, 0.0, 0.0, 0.0, 0.0, 0.0, 0.0, 0.0, 0.0, 0.0, 0.0, 0.0, 0.0, 0.0, 0.0, 0.0, 0.0, 0.0, 0.0, 0.0, 0.0, 0.0, 0.0, 0.0, 0.0, 0.0, 0.0, 0.0, 0.0, 0.0, 0.0, 0.0, 0.0, 0.0, 0.0, 0.0, 0.0, 0.0, 0.0, 0.0, 0.0, 0.0, 0.0, 0.0, 0.0, 0.0, 0.0, 0.0, 0.0]",104.77,527.01,905.44
Cliente,qwen/qwen3.5-397b-a17b,99,"[0.5, 0.0, 0.0, 0.0, 0.0, 0.05, 0.0, 0.0, 0.0, 0.0, 0.0, 0.0, 0.0, 0.0, 0.0, 0.0, 0.0, 0.0, 0.0, 0.0, 0.0, 0.0, 0.0, 0.0, 0.0, 0.0, 0.0, 0.0, 0.0, 0.0, 0.0, 0.0, 0.0, 0.0, 0.0, 0.0, 0.0, 0.0, 0.0, 0.0, 0.0, 0.0, 0.0, 0.0, 0.0, 0.0, 0.0, 0.0, 0.0, 0.0, 0.0, 0.0, 0.0, 0.0, 0.0, 0.0, 0.0, 0.0, 0.0, 0.0, 0.0, 0.0, 0.0, 0.0, 0.0, 0.0, 0.0, 0.0, 0.0, 0.0, 0.0, 0.0, 0.0, 0.0, 0.0, 0.0, 0.0, 0.0, 0.0, 0.0, 0.0, 0.0, 0.0, 0.0, 0.0, 0.0, 0.0, 0.0, 0.0, 0.0, 0.0, 0.0, 0.0, 0.0, 0.0, 0.0, 0.0, 0.0, 0.0]",107.07,529.07,911.39
Produto,mistralai/mistral-medium-3.5-128b,71,"[140.25, 165.75, 191.25, 140.25, 140.25, 229.5, 280.5, 306.0, 293.25, 280.5, 178.5, 280.5, 242.25, 102.0, 165.75, 255.0, 191.25, 267.75, 102.0, 216.75, 255.0, 229.5, 191.25, 178.5, 242.25, 267.75, 178.5, 127.5, 280.5, 267.75, 191.25, 216.75, 204.0, 89.25, 267.75, 89.25, 255.0, 127.5, 216.75, 267.75, 216.75, 318.75, 153.0, 306.0, 267.75, 191.25, 140.25, 306.0, 127.5, 178.5, 191.25, 204.0, 242.25, 267.75, 191.25, 38.25, 127.5, 280.5, 140.25, 178.5, 165.75, 153.0, 114.75, 76.5, 191.25, 178.5, 280.5, 165.75, 140.25, 280.5, 127.5]",55.77,88.53,116.63
Produto,mistralai/mistral-medium-3.5-128b,71,"[127.5, 102.0, 280.5, 216.75, 127.5, 178.5, 255.0, 191.25, 89.25, 267.75, 242.25, 191.25, 127.5, 178.5, 293.25, 229.5, 216.75, 204.0, 280.5, 153.0, 178.5, 216.75, 127.5, 102.0, 25.5, 165.75, 369.75, 280.5, 204.0, 178.5, 216.75, 191.25, 165.75, 191.25, 127.5, 140.25, 255.0, 242.25, 102.0, 178.5, 127.5, 216.75, 114.75, 242.25, 204.0, 178.5, 114.75, 255.0, 25.5, 25.5, 191.25, 178.5, 229.5, 255.0, 102.0, 89.25, 140.25, 165.75, 153.0, 178.5, 165.75, 229.5, 178.5, 165.75, 204.0, 140.25, 114.75, 191.25, 114.75, 153.0, 102.0]",61.75,95.95,124.28
Produto,mistralai/mistral-medium-3.5-128b,71,"[178.5, 153.0, 127.5, 191.25, 229.5, 242.25, 127.5, 191.25, 178.5, 255.0, 242.25, 191.25, 178.5, 153.0, 280.5, 382.5, 102.0, 267.75, 242.25, 255.0, 153.0, 216.75, 178.5, 280.5, 216.75, 229.5, 178.5, 165.75, 216.75, 178.5, 191.25, 127.5, 153.0, 267.75, 191.25, 178.5, 229.5, 216.75, 140.25, 255.0, 293.25, 25.5, 216.75, 267.75, 153.0, 114.75, 178.5, 140.25, 102.0, 178.5, 165.75, 267.75, 191.25, 165.75, 153.0, 89.25, 114.75, 76.5, 165.75, 140.25, 204.0, 51.0, 191.25, 216.75, 140.25, 102.0, 178.5, 127.5, 89.25, 216.75, 229.5]",58.62,91.4,114.73
Produto,mistralai/mistral-medium-3.5-128b,71,"[178.5, 127.5, 229.5, 102.0, 140.25, 280.5, 242.25, 216.75, 229.5, 344.25, 255.0, 178.5, 293.25, 267.75, 89.25, 395.25, 191.25, 267.75, 306.0, 318.75, 255.0, 293.25, 127.5, 306.0, 140.25, 191.25, 242.25, 114.75, 216.75, 255.0, 357.0, 165.75, 51.0, 191.25, 318.75, 165.75, 216.75, 127.5, 216.75, 267.75, 293.25, 178.5, 229.5, 127.5, 293.25, 140.25, 89.25, 178.5, 318.75, 216.75, 153.0, 293.25, 267.75, 89.25, 127.5, 369.75, 255.0, 216.75, 191.25, 242.25, 114.75, 153.0, 216.75, 102.0, 204.0, 216.75, 114.75, 280.5, 255.0, 191.25, 153.0]",60.38,101.46,126.34
Produto,mistralai/mistral-medium-3.5-128b,71,"[178.5, 191.25, 229.5, 204.0, 140.25, 293.25, 191.25, 229.5, 140.25, 280.5, 216.75, 280.5, 204.0, 165.75, 318.75, 242.25, 267.75, 153.0, 127.5, 178.5, 178.5, 216.75, 216.75, 242.25, 191.25, 216.75, 127.5, 242.25, 165.75, 229.5, 191.25, 191.25, 178.5, 255.0, 140.25, 25.5, 267.75, 89.25, 216.75, 153.0, 216.75, 140.25, 178.5, 267.75, 216.75, 191.25, 178.5, 191.25, 140.25, 114.75, 127.5, 165.75, 165.75, 153.0, 102.0, 216.75, 242.25, 216.75, 178.5, 267.75, 178.5, 191.25, 267.75, 191.25, 229.5, 280.5, 280.5, 267.75, 229.5, 242.25, 229.5]",58.76,91.76,110.45
País,mistralai/mistral-medium-3.5-128b,72,"[10257.83, 11326.33, 12160.75, 12020.75, 11389.75, 10740.34, 11894.67, 12380.75, 12101.75, 11426.67, 11867.33, 12716.33, 12917.33, 12497.67, 13326.0, 12267.33, 12037.67, 13012.0, 12086.33, 12979.67, 12738.0, 12162.67, 14457.33, 14069.67, 14080.33, 12859.67, 12805.67, 13279.0, 13888.33, 13674.33, 12780.67, 13746.67, 12935.0, 13855.67, 12768.67, 12759.67, 14464.67, 13451.0, 13539.0, 12679.33, 14693.0, 12708.33, 13444.0, 12465.0, 12739.33, 13299.0, 13469.67, 13254.0, 12994.67, 12943.33, 15055.33, 13857.33, 13006.33, 13399.0, 12776.33, 13230.33, 12947.33, 13772.67, 15292.0, 13558.33, 14297.33, 13917.33, 13643.33, 13753.0, 13886.67, 13366.0, 14413.33, 14085.33, 12848.67, 13912.67, 13191.0, 13424.33]",47.67,8943.42,10477.36
País,mistralai/mistral-medium-3.5-128b,72,"[12806.0637644295, 9077.30730266919, 9891.55867012617, 13006.1880457599, 11031.1404461496, 12825.4501744692, 10132.2775298582, 14822.5960044266, 11751.6228943385, 13347.0678276536, 11014.1169735409, 17506.962760224, 14434.9688846085, 12973.0742626862, 21150.415099538, 15567.9630912554, 13653.2028311249, 21243.0992268785, 19044.4809375685, 21755.779900726, 16156.6159447282, 15514.0498578065, 17045.8242846865, 15620.0166314288, 15490.5778215655, 22649.0890861485, 18393.2186279882, 22487.9511983273, 20409.0067939682, 21996.5548566865, 19145.4273873331, 19985.7185876308, 26141.2222961075, 23130.0230864687, 20385.463070965, 20370.3152850411, 22569.4529989474, 16886.1287865413, 23178.0488098738, 18852.5565530035, 22638.0688669725, 19603.1820743327, 18452.7426044449, 24294.8515547657, 18827.8515338673, 18761.0484839216, 24234.6479034619, 27415.2780789977, 21349.724495409, 20901.345200762, 13570.2825758839, 21455.6113685547, 29512.7171803365, 15381.8372430659, 28711.6200914144, 18869.4139056278, 21701.3142335609, 25800.8767872544, 18661.9613076734, 22475.1018398162, 20742.7064122386, 22570.7655309573, 18645.4242503814, 25985.0940211571, 20296.7975816474, 16789.4432521343, 16356.5125365752, 21690.4052994681, 16519.1968202809, 12306.7934918355, 19999.1553074136, 14006.0234217206]",25.52,5204.41,7017.33
País,mistralai/mistral-medium-3.5-128b,72,"[11809.25, 11602.44, 11602.53, 10272.83, 10197.29, 10735.57, 13340.38, 12321.76, 11809.99, 13106.65, 13332.11, 13496.32, 16596.59, 14441.92, 13597.88, 13509.4, 12735.98, 17487.78, 20745.49, 18160.34, 12466.25, 13802.43, 18136.34, 20069.44, 15415.23, 14608.86, 16173.62, 14901.03, 19235.08, 13234.95, 16976.14, 13652.42, 14976.88, 18531.45, 17053.64, 15693.09, 14604.91, 13924.89, 16671.72, 15759.61, 12944.85, 12995.68, 16141.83, 14938.71, 12660.12, 12146.64, 15326.32, 13439.78, 14258.29, 11574.14, 17079.47, 15406.37, 17625.27, 21113.48, 20716.82, 15103.16, 18995.64, 17387.19, 17947.54, 16559.22, 19574.77, 21208.74, 19467.97, 22887.29, 20406.03, 15364.59, 16583.14, 16855.13, 14399.09, 18078.38, 18645.54, 17307.04]",34.68,6854.75,8652.8
País,mistralai/mistral-medium-3.5-128b,72,"[13612.45, 10139.83, 12712.99, 12120.99, 9246.57, 14358.6, 13822.53, 13195.68, 12793.84, 11871.68, 15249.15, 12522.11, 13714.34, 18881.77, 13353.95, 12815.68, 19612.14, 13156.45, 20408.27, 13955.51, 12910.58, 19169.01, 17813.35, 23752.15, 14913.24, 20356.28, 16622.88, 17014.8, 20045.2, 16723.13, 19576.52, 16768.68, 14423.06, 21743.91, 16160.44, 13088.51, 20894.86, 17049.13, 13853.18, 14585.17, 15897.67, 13377.56, 19700.92, 15821.68, 12318.93, 18206.45, 17557.97, 20346.61, 24811.41, 15788.44, 23582.29, 20809.44, 23767.02, 22927.85, 19966.61, 21460.02, 23309.02, 20331.82, 27183.96, 25522.28, 23728.95, 20234.24, 23921.4, 18731.59, 22272.98, 23099.76, 26768.67, 24680.54, 30021.31, 23776.25, 22892.72, 21105.31]",24.78,5039.3,6706.24
País,mistralai/mistral-medium-3.5-128b,72,"[12000.5, 10500.2, 13500.75, 11500.3, 14500.8, 12500.6, 10000.1, 15000.4, 13000.2, 14000.5, 11000.3, 16000.7, 12000.8, 22000.3, 18000.6, 14000.9, 23000.4, 19000.2, 25000.8, 21000.3, 17000.5, 24000.1, 20000.6, 16000.4, 18000.7, 22000.2, 19000.5, 21000.8, 17000.3, 20000.9, 15000.4, 18000.6, 23000.1, 25000.5, 22000.8, 16000.3, 21000.7, 19000.4, 24000.2, 20000.6, 18000.5, 22000.3, 26000.1, 23000.8, 17000.4, 15000.2, 20000.7, 24000.5, 19000.3, 22000.6, 18000.4, 21000.9, 25000.2, 23000.7, 16000.5, 20000.8, 24000.3, 19000.6, 22000.4, 17000.1, 21000.5, 18000.3, 23000.2, 20000.7, 25000.4, 19000.8, 16000.3, 22000.5, 24000.1, 18000.6, 20000.4, 26000.3]",26.82,5639.01,7395.09
Cliente,mistralai/mistral-medium-3.5-128b,99,"[0.0, 0.0, 0.0, 0.0, 0.0, 0.0, 0.0, 1039.43, 0.0, 0.0, 0.0, 0.0, 0.0, 1317.2, 0.0, 0.0, 0.0, 0.0, 0.0, 0.0, 196.9, 0.0, 0.0, 0.0, 0.0, 0.0, 0.0, 0.0, 0.0, 0.0, 0.0, 1648.58, 0.0, 0.0, 0.0, 1159.87, 0.0, 0.0, 0.0, 0.0, 0.0, 0.0, 0.0, 467.44, 0.0, 0.0, 0.0, 0.0, 0.0, 0.0, 0.0, 0.0, 0.0, 0.0, 0.0, 0.0, 0.0, 0.0, 0.0, 0.0, 0.0, 0.0, 0.0, 0.0, 0.0, 0.0, 0.0, 0.0, 0.0, 0.0, 0.0, 0.0, 0.0, 0.0, 0.0, 0.0, 0.0, 0.0, 0.0, 0.0, 0.0, 0.0, 0.0, 0.0, 0.0, 0.0, 0.0, 0.0, 0.0, 0.0, 0.0, 0.0, 0.0, 0.0, 0.0, 0.0, 0.0, 0.0, 0.0]",107.12,566.14,937.47
Cliente,mistralai/mistral-medium-3.5-128b,99,"[0.0, 0.0, 0.0, 0.0, 0.0, 0.0, 0.0, 0.0, 0.0, 0.0, 0.0, 0.0, 0.0, 0.0, 0.0, 0.0, 0.0, 0.0, 0.0, 0.0, 0.0, 0.0, 0.0, 0.0, 0.0, 0.0, 0.0, 0.0, 0.0, 0.0, 0.0, 0.0, 0.0, 0.0, 0.0, 0.0, 0.0, 0.0, 0.0, 0.0, 0.0, 0.0, 0.0, 0.0, 0.0, 0.0, 0.0, 0.0, 0.0, 0.0, 0.0, 0.0, 0.0, 0.0, 0.0, 0.0, 0.0, 0.0, 0.0, 0.0, 0.0, 0.0, 0.0, 0.0, 0.0, 0.0, 0.0, 0.0, 0.0, 0.0, 0.0, 0.0, 0.0, 0.0, 0.0, 0.0, 0.0, 0.0, 0.0, 0.0, 0.0, 0.0, 0.0, 0.0, 0.0, 0.0, 0.0, 0.0, 0.0, 0.0, 0.0, 0.0, 0.0, 0.0, 0.0, 0.0, 0.0, 0.0, 0.0]",105.05,529.08,911.4
Cliente,mistralai/mistral-medium-3.5-128b,99,"[0.0, 0.0, 808.39, 0.0, 0.0, 0.0, 0.0, 0.0, 0.0, 1080.68, 0.0, 0.0, 0.0, 135.82, 0.0, 961.87, 0.0, 0.0, 0.0, 0.0, 0.0, 0.0, 0.0, 0.0, 0.0, 419.13, 0.0, 0.0, 0.0, 0.0, 1245.57, 0.0, 0.0, 0.0, 0.0, 1326.21, 0.0, 0.0, 0.0, 0.0, 0.0, 0.0, 0.0, 0.0, 1365.79, 0.0, 0.0, 0.0, 304.59, 0.0, 0.0, 0.0, 620.2, 1412.0, 0.0, 0.0, 0.0, 0.0, 870.57, 0.0, 0.0, 1488.5, 0.0, 0.0, 0.0, 0.0, 0.0, 0.0, 0.0, 0.0, 0.0, 0.0, 0.0, 0.0, 1108.49, 0.0, 1551.95, 230.93, 0.0, 0.0, 0.0, 875.36, 0.0, 0.0, 412.98, 0.0, 0.0, 0.0, 782.13, 0.0, 0.0, 0.0, 0.0, 0.0, 1249.83, 0.0, 524.08, 0.0, 0.0]",107.43,589.29,922.74
Cliente,mistralai/mistral-medium-3.5-128b,99,"[0.0, 0.0, 0.0, 0.0, 0.0, 0.0, 0.0, 0.0, 0.0, 0.0, 0.0, 0.0, 0.0, 0.0, 0.0, 0.0, 0.0, 0.0, 0.0, 0.0, 0.0, 0.0, 0.0, 0.0, 0.0, 0.0, 0.0, 0.0, 0.0, 0.0, 0.0, 0.0, 0.0, 0.0, 0.0, 0.0, 0.0, 0.0, 0.0, 0.0, 0.0, 0.0, 0.0, 0.0, 0.0, 0.0, 0.0, 0.0, 0.0, 0.0, 0.0, 0.0, 0.0, 0.0, 0.0, 0.0, 0.0, 0.0, 0.0, 0.0, 0.0, 0.0, 0.0, 0.0, 0.0, 0.0, 0.0, 0.0, 0.0, 0.0, 0.0, 0.0, 0.0, 0.0, 0.0, 0.0, 0.0, 0.0, 0.0, 0.0, 0.0, 0.0, 0.0, 0.0, 0.0, 0.0, 0.0, 0.0, 0.0, 0.0, 0.0, 0.0, 0.0, 0.0, 0.0, 0.0, 0.0, 0.0, 0.0]",105.05,529.08,911.4
Cliente,mistralai/mistral-medium-3.5-128b,99,"[0.0, 0.0, 0.0, 0.0, 0.0, 0.0, 0.0, 0.0, 1207.85, 0.0, 0.0, 0.0, 0.0, 0.0, 0.0, 0.0, 0.0, 0.0, 0.0, 0.0, 185.4, 0.0, 0.0, 0.0, 0.0, 0.0, 0.0, 0.0, 0.0, 0.0, 0.0, 0.0, 0.0, 0.0, 0.0, 0.0, 0.0, 0.0, 0.0, 0.0, 1049.66, 0.0, 0.0, 0.0, 0.0, 663.71, 134.09, 0.0, 0.0, 0.0, 0.0, 0.0, 0.0, 0.0, 0.0, 0.0, 0.0, 0.0, 0.0, 0.0, 0.0, 0.0, 0.0, 0.0, 0.0, 0.0, 0.0, 0.0, 0.0, 0.0, 0.0, 0.0, 0.0, 0.0, 1157.76, 0.0, 0.0, 0.0, 0.0, 0.0, 0.0, 0.0, 0.0, 0.0, 0.0, 0.0, 0.0, 0.0, 0.0, 0.0, 0.0, 0.0, 0.0, 0.0, 0.0, 0.0, 0.0, 0.0, 0.0]",104.2,541.13,916.17
