Date,Year,Quarter,Month,Week,Weekday,Day,DayOfYear,Revenue,PreChristmas,WeekdayRevenue_mean,WeekdayRevenue_median,WeekdayRevenue_IQR,MonthRevenue_mean,MonthRevenue_median,MonthRevenue_IQR,QuarterRevenue_mean,QuarterRevenue_median,QuarterRevenue_IQR,PreChristmasRevenue_mean,PreChristmasRevenue_std,RevenueLag_7d,RevenueLag_14d,RevenueLag_30d,RollingMean_7d,RollingStd_7d,RollingMax_7d,RollingMean_30d,RollingStd_30d,RollingMax_30d,UniqueCustomers
2009-12-01,2009,4,12,49,1,1,335,21295.61,1,13140.664166666667,11548.115,5785.575000000001,12022.734782608697,16452.29,18943.795000000002,16012.464999999998,18559.0,8493.822500000002,17048.520327868853,6702.103127104946,,,,,0.0,,,0.0,,79.0
2009-12-02,2009,4,12,49,2,2,336,20800.55,1,12369.126041666668,11869.78,5797.93,12022.734782608697,16452.29,18943.795000000002,16012.464999999998,18559.0,8493.822500000002,17048.520327868853,6702.103127104946,,,,21295.61,0.0,21295.61,21295.61,0.0,21295.61,86.0
2009-12-03,2009,4,12,49,3,3,337,27589.53,1,15114.165416666669,14577.54,5030.915000000001,12022.734782608697,16452.29,18943.795000000002,16012.464999999998,18559.0,8493.822500000002,17048.520327868853,6702.103127104946,,,,21048.08,350.0602830942144,21295.61,21048.08,350.0602830942144,21295.61,96.0
2009-12-04,2009,4,12,49,4,4,338,19470.15,1,9699.178958333334,8698.96,3767.045000000002,12022.734782608697,16452.29,18943.795000000002,16012.464999999998,18559.0,8493.822500000002,17048.520327868853,6702.103127104946,,,,23228.563333333335,3784.810933419702,27589.53,23228.563333333335,3784.810933419702,27589.53,69.0
2009-12-07,2009,4,12,50,0,7,341,18349.18,1,11487.295319148936,11753.04,6541.135000000001,12022.734782608697,16452.29,18943.795000000002,16012.464999999998,18559.0,8493.822500000002,17048.520327868853,6702.103127104946,,,,22288.96,3616.8052519500307,27589.53,22288.96,3616.8052519500307,27589.53,69.0
2009-12-08,2009,4,12,50,1,8,342,22719.3,1,13140.664166666667,11548.115,5785.575000000001,12022.734782608697,16452.29,18943.795000000002,16012.464999999998,18559.0,8493.822500000002,17048.520327868853,6702.103127104946,,,,21501.004,3593.79095977771,27589.53,21501.004,3593.79095977771,27589.53,72.0
2009-12-09,2009,4,12,50,2,9,343,16452.29,1,12369.126041666668,11869.78,5797.93,12022.734782608697,16452.29,18943.795000000002,16012.464999999998,18559.0,8493.822500000002,17048.520327868853,6702.103127104946,,,,21704.053333333333,3252.636001870892,27589.53,21704.053333333333,3252.636001870892,27589.53,67.0
2009-12-10,2009,4,12,50,3,10,344,20137.61,1,15114.165416666669,14577.54,5030.915000000001,12022.734782608697,16452.29,18943.795000000002,16012.464999999998,18559.0,8493.822500000002,17048.520327868853,6702.103127104946,21295.61,,,20953.801428571427,3571.626087850502,27589.53,20953.801428571427,3571.626087850502,27589.53,74.0
2009-12-11,2009,4,12,50,4,11,345,15027.26,1,9699.178958333334,8698.96,3767.045000000002,12022.734782608697,16452.29,18943.795000000002,16012.464999999998,18559.0,8493.822500000002,17048.520327868853,6702.103127104946,20800.55,,,20788.372857142855,3579.9638390013297,27589.53,20851.7775,3319.250665448237,27589.53,51.0
2009-12-14,2009,4,12,51,0,14,348,18359.15,1,11487.295319148936,11753.04,6541.135000000001,12022.734782608697,16452.29,18943.795000000002,16012.464999999998,18559.0,8493.822500000002,17048.520327868853,6702.103127104946,27589.53,,,19963.617142857143,4189.780536884615,27589.53,20204.60888888889,3661.9245975901945,27589.53,62.0
2009-12-15,2009,4,12,51,1,15,349,18429.3,1,13140.664166666667,11548.115,5785.575000000001,12022.734782608697,16452.29,18943.795000000002,16012.464999999998,18559.0,8493.822500000002,17048.520327868853,6702.103127104946,19470.15,,,18644.99142857143,2502.4626927184354,22719.3,20020.063000000002,3501.4708136091413,27589.53,76.0
2009-12-16,2009,4,12,51,2,16,350,21785.94,1,12369.126041666668,11869.78,5797.93,12022.734782608697,16452.29,18943.795000000002,16012.464999999998,18559.0,8493.822500000002,17048.520327868853,6702.103127104946,18349.18,,,18496.29857142857,2476.044773918194,22719.3,19875.44818181818,3356.235387262991,27589.53,77.0
2009-12-17,2009,4,12,51,3,17,351,17618.99,1,15114.165416666669,14577.54,5030.915000000001,12022.734782608697,16452.29,18943.795000000002,16012.464999999998,18559.0,8493.822500000002,17048.520327868853,6702.103127104946,22719.3,,,18987.264285714286,2765.789575659825,22719.3,20034.655833333334,3247.222222970547,27589.53,72.0
2009-12-18,2009,4,12,51,4,18,352,10503.84,1,9699.178958333334,8698.96,3767.045000000002,12022.734782608697,16452.29,18943.795000000002,16012.464999999998,18559.0,8493.822500000002,17048.520327868853,6702.103127104946,16452.29,,,18258.648571428574,2240.7390817721125,21785.94,19848.835384615384,3180.350283749195,27589.53,42.0
2009-12-21,2009,4,12,52,0,21,355,4394.09,1,11487.295319148936,11753.04,6541.135000000001,12022.734782608697,16452.29,18943.795000000002,16012.464999999998,18559.0,8493.822500000002,17048.520327868853,6702.103127104946,20137.61,21295.61,,17408.87,3695.599390788992,21785.94,19181.335714285717,3946.4364892524613,27589.53,24.0
2009-12-22,2009,4,12,52,1,22,356,1720.17,1,13140.664166666667,11548.115,5785.575000000001,12022.734782608697,16452.29,18943.795000000002,16012.464999999998,18559.0,8493.822500000002,17048.520327868853,6702.103127104946,15027.26,20800.55,,15159.795714285716,5894.557653821746,21785.94,18195.519333333334,5388.823216942991,27589.53,14.0
2009-12-23,2009,4,12,52,2,23,357,1869.94,1,12369.126041666668,11869.78,5797.93,12022.734782608697,16452.29,18943.795000000002,16012.464999999998,18559.0,8493.822500000002,17048.520327868853,6702.103127104946,18359.15,27589.53,,13258.782857142858,7786.568393166342,21785.94,17165.81,6638.394052607402,27589.53,9.0
2009-12-24,2009,4,12,52,3,24,358,0.0,1,15114.165416666669,14577.54,5030.915000000001,12022.734782608697,16452.29,18943.795000000002,16012.464999999998,18559.0,8493.822500000002,17048.520327868853,6702.103127104946,18429.3,19470.15,,10903.18142857143,8452.158245575358,21785.94,16266.052941176473,7421.359402170505,27589.53,0.0
2009-12-25,2009,4,12,52,4,25,359,0.0,0,9699.178958333334,8698.96,3767.045000000002,12022.734782608697,16452.29,18943.795000000002,16012.464999999998,18559.0,8493.822500000002,10760.975280898878,4407.904236233572,21785.94,18349.18,,8270.424285714285,8586.335145157203,21785.94,15362.383333333335,8156.954977634297,27589.53,0.0
2009-12-28,2009,4,12,53,0,28,362,0.0,0,11487.295319148936,11753.04,6541.135000000001,12022.734782608697,16452.29,18943.795000000002,16012.464999999998,18559.0,8493.822500000002,10760.975280898878,4407.904236233572,17618.99,22719.3,,5158.147142857143,6586.321394814432,17618.99,14553.836842105264,8675.29111634753,27589.53,0.0
2009-12-29,2009,4,12,53,1,29,363,0.0,0,13140.664166666667,11548.115,5785.575000000001,12022.734782608697,16452.29,18943.795000000002,16012.464999999998,18559.0,8493.822500000002,10760.975280898878,4407.904236233572,10503.84,16452.29,,2641.1485714285714,3813.6745550646356,10503.84,13826.145,9049.325725524352,27589.53,0.0
2009-12-30,2009,4,12,53,2,30,364,0.0,0,12369.126041666668,11869.78,5797.93,12022.734782608697,16452.29,18943.795000000002,16012.464999999998,18559.0,8493.822500000002,10760.975280898878,4407.904236233572,4394.09,20137.61,,1140.6000000000001,1666.1787039309875,4394.09,13167.757142857145,9321.94975642979,27589.53,0.0
2009-12-31,2009,4,12,53,3,31,365,0.0,0,15114.165416666669,14577.54,5030.915000000001,12022.734782608697,16452.29,18943.795000000002,16012.464999999998,18559.0,8493.822500000002,10760.975280898878,4407.904236233572,1720.17,15027.26,,512.8728571428571,876.9635548624292,1869.94,12569.222727272729,9520.612769332796,27589.53,0.0
2010-01-01,2010,1,1,53,4,1,1,0.0,0,9699.178958333334,8698.96,3767.045000000002,8066.682857142857,8558.89,3858.169999999999,10134.5190625,10011.46,3808.175000000001,10760.975280898878,4407.904236233572,1869.94,18359.15,,267.13428571428574,706.7708866587357,1869.94,12022.734782608697,9663.896844461804,27589.53,0.0
2010-01-04,2010,1,1,1,0,4,4,4362.4,0,11487.295319148936,11753.04,6541.135000000001,8066.682857142857,8558.89,3858.169999999999,10134.5190625,10011.46,3808.175000000001,10760.975280898878,4407.904236233572,0.0,18429.3,,0.0,0.0,0.0,11521.7875,9764.89552067451,27589.53,18.0
2010-01-05,2010,1,1,1,1,5,5,10053.86,0,13140.664166666667,11548.115,5785.575000000001,8066.682857142857,8558.89,3858.169999999999,10134.5190625,10011.46,3808.175000000001,10760.975280898878,4407.904236233572,0.0,21785.94,,623.1999999999999,1648.8322170554527,4362.4,11235.412,9665.940634480003,27589.53,28.0
2010-01-06,2010,1,1,1,2,6,6,4147.22,0,12369.126041666668,11869.78,5797.93,8066.682857142857,8558.89,3858.169999999999,10134.5190625,10011.46,3808.175000000001,10760.975280898878,4407.904236233572,0.0,17618.99,,2059.4657142857145,3882.027851981733,10053.86,11189.967692307693,9473.483352387466,27589.53,11.0
2010-01-07,2010,1,1,1,3,7,7,10168.4,0,15114.165416666669,14577.54,5030.915000000001,8066.682857142857,8558.89,3858.169999999999,10134.5190625,10011.46,3808.175000000001,10760.975280898878,4407.904236233572,0.0,10503.84,,2651.925714285714,3831.4727027034796,10053.86,10929.125185185185,9387.87150814913,27589.53,33.0
2010-01-08,2010,1,1,1,4,8,8,8558.89,0,9699.178958333334,8698.96,3767.045000000002,8066.682857142857,8558.89,3858.169999999999,10134.5190625,10011.46,3808.175000000001,10760.975280898878,4407.904236233572,0.0,4394.09,,4104.5542857142855,4523.547018240064,10168.4,10901.95642857143,9213.50348098526,27589.53,29.0
2010-01-11,2010,1,1,2,0,11,11,6970.28,0,11487.295319148936,11753.04,6541.135000000001,8066.682857142857,8558.89,3858.169999999999,10134.5190625,10011.46,3808.175000000001,10760.975280898878,4407.904236233572,0.0,1720.17,,5327.2528571428575,4383.751512736985,10168.4,10821.161034482759,9057.936740692166,27589.53,26.0
2010-01-12,2010,1,1,2,1,12,12,6372.62,0,13140.664166666667,11548.115,5785.575000000001,8066.682857142857,8558.89,3858.169999999999,10134.5190625,10011.46,3808.175000000001,10760.975280898878,4407.904236233572,0.0,1869.94,21295.61,6323.007142857144,3712.2071816764856,10168.4,10692.798333333334,8928.121166224933,27589.53,24.0
2010-01-13,2010,1,1,2,2,13,13,4775.38,0,12369.126041666668,11869.78,5797.93,8066.682857142857,8558.89,3858.169999999999,10134.5190625,10011.46,3808.175000000001,10760.975280898878,4407.904236233572,4362.4,0.0,20800.55,7233.381428571428,2480.0358090319883,10168.4,10195.365333333333,8730.545302543856,27589.53,19.0
2010-01-14,2010,1,1,2,3,14,14,14190.32,0,15114.165416666669,14577.54,5030.915000000001,8066.682857142857,8558.89,3858.169999999999,10134.5190625,10011.46,3808.175000000001,10760.975280898878,4407.904236233572,10053.86,0.0,27589.53,7292.378571428571,2404.105436681376,10168.4,9661.193000000001,8547.62784971974,27589.53,41.0
2010-01-15,2010,1,1,2,4,15,15,6310.2300000000005,0,9699.178958333334,8698.96,3767.045000000002,8066.682857142857,8558.89,3858.169999999999,10134.5190625,10011.46,3808.175000000001,10760.975280898878,4407.904236233572,4147.22,0.0,19470.15,7883.301428571429,3468.665094194155,14190.32,9214.552666666666,7904.3842265730045,22719.3,28.0
2010-01-18,2010,1,1,3,0,18,18,6335.84,0,11487.295319148936,11753.04,6541.135000000001,8066.682857142857,8558.89,3858.169999999999,10134.5190625,10011.46,3808.175000000001,10760.975280898878,4407.904236233572,10168.4,0.0,18349.18,8192.302857142857,3163.2710209671363,14190.32,8775.888666666668,7677.518547523262,22719.3,30.0
2010-01-19,2010,1,1,3,1,19,19,10805.61,0,13140.664166666667,11548.115,5785.575000000001,8066.682857142857,8558.89,3858.169999999999,10134.5190625,10011.46,3808.175000000001,10760.975280898878,4407.904236233572,8558.89,0.0,22719.3,7644.794285714286,3095.1800239504482,14190.32,8375.444,7471.5083945158885,22719.3,34.0
2010-01-20,2010,1,1,3,2,20,20,6162.17,0,12369.126041666668,11869.78,5797.93,8066.682857142857,8558.89,3858.169999999999,10134.5190625,10011.46,3808.175000000001,10760.975280898878,4407.904236233572,6970.28,0.0,16452.29,7965.754285714285,3314.486235642245,14190.32,7978.321,6983.497776199384,21785.94,25.0
2010-01-21,2010,1,1,3,3,21,21,10533.72,0,15114.165416666669,14577.54,5030.915000000001,8066.682857142857,8558.89,3858.169999999999,10134.5190625,10011.46,3808.175000000001,10760.975280898878,4407.904236233572,6372.62,0.0,20137.61,7850.3099999999995,3368.569666243126,14190.32,7635.317,6803.317385624383,21785.94,41.0
2010-01-22,2010,1,1,3,4,22,22,7230.4800000000005,0,9699.178958333334,8698.96,3767.045000000002,8066.682857142857,8558.89,3858.169999999999,10134.5190625,10011.46,3808.175000000001,10760.975280898878,4407.904236233572,4775.38,4362.4,15027.26,8444.752857142857,3430.9171489351256,14190.32,7315.187333333333,6409.281028119024,21785.94,29.0
2010-01-25,2010,1,1,4,0,25,25,11745.83,0,11487.295319148936,11753.04,6541.135000000001,8066.682857142857,8558.89,3858.169999999999,10134.5190625,10011.46,3808.175000000001,10760.975280898878,4407.904236233572,14190.32,10053.86,18359.15,8795.481428571427,3103.123227445903,14190.32,7055.294666666667,6241.663129922398,21785.94,41.0
2010-01-26,2010,1,1,4,1,26,26,9136.1,0,13140.664166666667,11548.115,5785.575000000001,8066.682857142857,8558.89,3858.169999999999,10134.5190625,10011.46,3808.175000000001,10760.975280898878,4407.904236233572,6310.2300000000005,4147.22,18429.3,8446.268571428573,2467.213973029959,11745.83,6834.850666666666,5938.066879792549,21785.94,38.0
2010-01-27,2010,1,1,4,2,27,27,9806.1,0,12369.126041666668,11869.78,5797.93,8066.682857142857,8558.89,3858.169999999999,10134.5190625,10011.46,3808.175000000001,10760.975280898878,4407.904236233572,6335.84,10168.4,21785.94,8849.964285714286,2283.8302529366233,11745.83,6525.077333333334,5541.517958999133,21785.94,41.0
2010-01-28,2010,1,1,4,3,28,28,12224.93,0,15114.165416666669,14577.54,5030.915000000001,8066.682857142857,8558.89,3858.169999999999,10134.5190625,10011.46,3808.175000000001,10760.975280898878,4407.904236233572,10805.61,8558.89,17618.99,9345.715714285714,2006.999085408003,11745.83,6125.749333333334,4783.706225368272,17618.99,41.0
2010-01-29,2010,1,1,4,4,29,29,9509.960000000001,0,9699.178958333334,8698.96,3767.045000000002,8066.682857142857,8558.89,3858.169999999999,10134.5190625,10011.46,3808.175000000001,10760.975280898878,4407.904236233572,6162.17,6970.28,10503.84,9548.475714285714,2237.5237141153525,12224.93,5945.947333333333,4424.723148459112,14190.32,32.0
2010-02-01,2010,1,2,5,0,1,32,8296.15,0,11487.295319148936,11753.04,6541.135000000001,9980.9115,9550.130000000001,3270.7675,10134.5190625,10011.46,3808.175000000001,10760.975280898878,4407.904236233572,10533.72,6372.62,4394.09,10026.731428571427,1681.8834481658575,12224.93,5912.818,4393.02718430909,14190.32,36.0
2010-02-02,2010,1,2,5,1,2,33,10432.33,0,13140.664166666667,11548.115,5785.575000000001,9980.9115,9550.130000000001,3270.7675,10134.5190625,10011.46,3808.175000000001,10760.975280898878,4407.904236233572,7230.4800000000005,4775.38,1720.17,9707.078571428572,1779.2798461309028,12224.93,6042.886666666667,4404.261840234657,14190.32,31.0
2010-02-03,2010,1,2,5,2,3,34,9250.81,0,12369.126041666668,11869.78,5797.93,9980.9115,9550.130000000001,3270.7675,10134.5190625,10011.46,3808.175000000001,10760.975280898878,4407.904236233572,11745.83,14190.32,1869.94,10164.485714285716,1409.66430491869,12224.93,6333.292,4396.626543904805,14190.32,35.0
2010-02-04,2010,1,2,5,3,4,35,14017.78,0,15114.165416666669,14577.54,5030.915000000001,9980.9115,9550.130000000001,3270.7675,10134.5190625,10011.46,3808.175000000001,10760.975280898878,4407.904236233572,9136.1,6310.2300000000005,0.0,9808.054285714286,1249.5179559448359,12224.93,6579.321,4344.453126846688,14190.32,44.0
2010-02-05,2010,1,2,5,4,5,36,8419.63,0,9699.178958333334,8698.96,3767.045000000002,9980.9115,9550.130000000001,3270.7675,10134.5190625,10011.46,3808.175000000001,10760.975280898878,4407.904236233572,9806.1,6335.84,0.0,10505.437142857143,1967.8092224071077,14017.78,7046.580333333333,4366.199266882754,14190.32,31.0
2010-02-08,2010,1,2,6,0,8,39,8234.22,0,11487.295319148936,11753.04,6541.135000000001,9980.9115,9550.130000000001,3270.7675,10134.5190625,10011.46,3808.175000000001,10760.975280898878,4407.904236233572,12224.93,10805.61,0.0,10307.369999999999,2114.2588796471114,14017.78,7327.234666666667,4163.53277735075,14190.32,40.0
2010-02-09,2010,1,2,6,1,9,40,8471.6,0,13140.664166666667,11548.115,5785.575000000001,9980.9115,9550.130000000001,3270.7675,10134.5190625,10011.46,3808.175000000001,10760.975280898878,4407.904236233572,9509.960000000001,6162.17,0.0,9737.268571428573,2048.021352341721,14017.78,7601.708666666667,3928.6275821091176,14190.32,38.0
2010-02-10,2010,1,2,6,2,10,41,4157.2300000000005,0,12369.126041666668,11869.78,5797.93,9980.9115,9550.130000000001,3270.7675,10134.5190625,10011.46,3808.175000000001,10760.975280898878,4407.904236233572,8296.15,10533.72,0.0,9588.931428571426,2104.066267503857,14017.78,7884.095333333334,3658.564798132748,14190.32,21.0
2010-02-11,2010,1,2,6,3,11,42,8064.87,0,15114.165416666669,14577.54,5030.915000000001,9980.9115,9550.130000000001,3270.7675,10134.5190625,10011.46,3808.175000000001,10760.975280898878,4407.904236233572,10432.33,7230.4800000000005,0.0,8997.657142857144,2942.431782521129,14017.78,8022.669666666668,3420.638555500386,14190.32,36.0
2010-02-12,2010,1,2,6,4,12,43,4883.9400000000005,0,9699.178958333334,8698.96,3767.045000000002,9980.9115,9550.130000000001,3270.7675,10134.5190625,10011.46,3808.175000000001,10760.975280898878,4407.904236233572,9250.81,11745.83,0.0,8659.448571428571,2885.5542261145633,14017.78,8291.498666666668,3067.0257244817267,14190.32,23.0
2010-02-15,2010,1,2,7,0,15,46,9849.45,0,11487.295319148936,11753.04,6541.135000000001,9980.9115,9550.130000000001,3270.7675,10134.5190625,10011.46,3808.175000000001,10760.975280898878,4407.904236233572,14017.78,9136.1,4362.4,8035.610000000001,3192.153762023377,14017.78,8454.296666666667,2721.942557526018,14190.32,26.0
2010-02-16,2010,1,2,7,1,16,47,15394.86,0,13140.664166666667,11548.115,5785.575000000001,9980.9115,9550.130000000001,3270.7675,10134.5190625,10011.46,3808.175000000001,10760.975280898878,4407.904236233572,8419.63,9806.1,10053.86,7440.134285714286,2088.084935811258,9849.45,8637.198333333332,2619.946111649134,14190.32,48.0
2010-02-17,2010,1,2,7,2,17,48,11134.08,0,12369.126041666668,11869.78,5797.93,9980.9115,9550.130000000001,3270.7675,10134.5190625,10011.46,3808.175000000001,10760.975280898878,4407.904236233572,8234.22,12224.93,4147.22,8436.595714285713,3686.1970891369742,15394.86,8815.231666666667,2887.354093046966,15394.86,36.0
2010-02-18,2010,1,2,7,3,18,49,14514.14,0,15114.165416666669,14577.54,5030.915000000001,9980.9115,9550.130000000001,3270.7675,10134.5190625,10011.46,3808.175000000001,10760.975280898878,4407.904236233572,8471.6,9509.960000000001,10168.4,8850.861428571428,3820.1755380149243,15394.86,9048.127,2777.539929162261,15394.86,53.0
2010-02-19,2010,1,2,7,4,19,50,7712.86,0,9699.178958333334,8698.96,3767.045000000002,9980.9115,9550.130000000001,3270.7675,10134.5190625,10011.46,3808.175000000001,10760.975280898878,4407.904236233572,4157.2300000000005,8296.15,8558.89,9714.08142857143,4364.158766113764,15394.86,9192.984999999999,2946.1832995469445,15394.86,27.0
2010-02-22,2010,1,2,8,0,22,53,12803.5,0,11487.295319148936,11753.04,6541.135000000001,9980.9115,9550.130000000001,3270.7675,10134.5190625,10011.46,3808.175000000001,10760.975280898878,4407.904236233572,8064.87,10432.33,6970.28,10222.028571428571,3777.0250136513014,15394.86,9164.784000000001,2956.4932609306397,15394.86,33.0
2010-02-23,2010,1,2,8,1,23,54,9969.06,0,13140.664166666667,11548.115,5785.575000000001,9980.9115,9550.130000000001,3270.7675,10134.5190625,10011.46,3808.175000000001,10760.975280898878,4407.904236233572,4883.9400000000005,9250.81,6372.62,10898.975714285714,3750.5192377672047,15394.86,9359.224666666669,2998.7061048400637,15394.86,35.0
2010-02-24,2010,1,2,8,2,24,55,9860.1,0,12369.126041666668,11869.78,5797.93,9980.9115,9550.130000000001,3270.7675,10134.5190625,10011.46,3808.175000000001,10760.975280898878,4407.904236233572,9849.45,14017.78,4775.38,11625.421428571428,2750.4057966684854,15394.86,9479.106000000002,2946.62785915042,15394.86,42.0
2010-02-25,2010,1,2,8,3,25,56,15407.85,0,15114.165416666669,14577.54,5030.915000000001,9980.9115,9550.130000000001,3270.7675,10134.5190625,10011.46,3808.175000000001,10760.975280898878,4407.904236233572,15394.86,8419.63,14190.32,11626.942857142858,2749.262364888165,15394.86,9648.596666666668,2809.799121741666,15394.86,49.0
2010-02-26,2010,1,2,8,4,26,57,8743.77,0,9699.178958333334,8698.96,3767.045000000002,9980.9115,9550.130000000001,3270.7675,10134.5190625,10011.46,3808.175000000001,10760.975280898878,4407.904236233572,11134.08,8234.22,6310.2300000000005,11628.798571428571,2752.2323190362417,15407.85,9689.181,2885.436066424469,15407.85,24.0
2010-03-01,2010,1,3,9,0,1,60,10265.01,0,11487.295319148936,11753.04,6541.135000000001,12156.115217391305,11402.880000000001,3325.8650000000016,10134.5190625,10011.46,3808.175000000001,10760.975280898878,4407.904236233572,14514.14,8471.6,6335.84,11287.325714285715,2963.9813830828784,15407.85,9770.298999999999,2820.647918414774,15407.85,43.0
2010-03-02,2010,1,3,9,1,2,61,11158.91,0,13140.664166666667,11548.115,5785.575000000001,12156.115217391305,11402.880000000001,3325.8650000000016,10134.5190625,10011.46,3808.175000000001,10760.975280898878,4407.904236233572,7712.86,4157.2300000000005,10805.61,10680.307142857142,2606.5498268254532,15407.85,9901.271333333334,2745.907321300299,15407.85,40.0
2010-03-03,2010,1,3,9,2,3,62,14508.130000000001,0,12369.126041666668,11869.78,5797.93,12156.115217391305,11402.880000000001,3325.8650000000016,10134.5190625,10011.46,3808.175000000001,10760.975280898878,4407.904236233572,12803.5,8064.87,6162.17,11172.6,2254.3093675299588,15407.85,9913.048,2750.673079971269,15407.85,46.0
2010-03-04,2010,1,3,9,3,4,63,17812.04,0,15114.165416666669,14577.54,5030.915000000001,12156.115217391305,11402.880000000001,3325.8650000000016,10134.5190625,10011.46,3808.175000000001,10760.975280898878,4407.904236233572,9969.06,4883.9400000000005,10533.72,11416.118571428571,2534.504581954353,15407.85,10191.246666666666,2780.1248251885904,15407.85,58.0
2010-03-05,2010,1,3,9,4,5,64,8168.13,0,9699.178958333334,8698.96,3767.045000000002,12156.115217391305,11402.880000000001,3325.8650000000016,10134.5190625,10011.46,3808.175000000001,10760.975280898878,4407.904236233572,9860.1,9849.45,7230.4800000000005,12536.544285714286,3380.5482000796696,17812.04,10433.857333333335,3109.1474174696455,17812.04,41.0
2010-03-08,2010,1,3,10,0,8,67,11178.86,0,11487.295319148936,11753.04,6541.135000000001,12156.115217391305,11402.880000000001,3325.8650000000016,10134.5190625,10011.46,3808.175000000001,10760.975280898878,4407.904236233572,15407.85,15394.86,11745.83,12294.834285714285,3653.2944056648234,17812.04,10465.112333333334,3080.41488474018,17812.04,51.0
2010-03-09,2010,1,3,10,1,9,68,9908.32,0,13140.664166666667,11548.115,5785.575000000001,12156.115217391305,11402.880000000001,3325.8650000000016,10134.5190625,10011.46,3808.175000000001,10760.975280898878,4407.904236233572,8743.77,11134.08,9136.1,11690.692857142858,3393.1053573322965,17812.04,10446.213333333335,3074.019063194804,17812.04,38.0
2010-03-10,2010,1,3,10,2,10,69,12296.61,0,12369.126041666668,11869.78,5797.93,12156.115217391305,11402.880000000001,3325.8650000000016,10134.5190625,10011.46,3808.175000000001,10760.975280898878,4407.904236233572,10265.01,14514.14,9806.1,11857.057142857144,3250.0703311042057,17812.04,10471.954,3065.892780251332,17812.04,38.0
2010-03-11,2010,1,3,10,3,11,70,11305.16,0,15114.165416666669,14577.54,5030.915000000001,12156.115217391305,11402.880000000001,3325.8650000000016,10134.5190625,10011.46,3808.175000000001,10760.975280898878,4407.904236233572,11158.91,7712.86,12224.93,12147.285714285716,3174.027598760797,17812.04,10554.971,3080.9230085863715,17812.04,36.0
2010-03-12,2010,1,3,10,4,12,71,6396.35,0,9699.178958333334,8698.96,3767.045000000002,12156.115217391305,11402.880000000001,3325.8650000000016,10134.5190625,10011.46,3808.175000000001,10760.975280898878,4407.904236233572,14508.130000000001,12803.5,9509.960000000001,12168.17857142857,3166.910712663201,17812.04,10524.312,3068.2823017058554,17812.04,23.0
2010-03-15,2010,1,3,11,0,15,74,9876.83,0,11487.295319148936,11753.04,6541.135000000001,12156.115217391305,11402.880000000001,3325.8650000000016,10134.5190625,10011.46,3808.175000000001,10760.975280898878,4407.904236233572,17812.04,9969.06,8296.15,11009.352857142858,3619.7245265614424,17812.04,10420.525,3155.2055523965696,17812.04,33.0
2010-03-16,2010,1,3,11,1,16,75,11959.52,0,13140.664166666667,11548.115,5785.575000000001,12156.115217391305,11402.880000000001,3325.8650000000016,10134.5190625,10011.46,3808.175000000001,10760.975280898878,4407.904236233572,8168.13,9860.1,10432.33,9875.75142857143,2025.8794039250192,12296.61,10473.214333333335,3131.6168039426134,17812.04,36.0
2010-03-17,2010,1,3,11,2,17,76,13566.74,0,12369.126041666668,11869.78,5797.93,12156.115217391305,11402.880000000001,3325.8650000000016,10134.5190625,10011.46,3808.175000000001,10760.975280898878,4407.904236233572,11178.86,15407.85,9250.81,10417.378571428573,1999.9052035153052,12296.61,10524.120666666666,3143.320119073454,17812.04,34.0
2010-03-18,2010,1,3,11,3,18,77,14640.94,0,15114.165416666669,14577.54,5030.915000000001,12156.115217391305,11402.880000000001,3325.8650000000016,10134.5190625,10011.46,3808.175000000001,10760.975280898878,4407.904236233572,9908.32,8743.77,14017.78,10758.504285714285,2328.1530988235895,13566.74,10667.984999999999,3181.566973069923,17812.04,62.0
2010-03-19,2010,1,3,11,4,19,78,12678.36,0,9699.178958333334,8698.96,3767.045000000002,12156.115217391305,11402.880000000001,3325.8650000000016,10134.5190625,10011.46,3808.175000000001,10760.975280898878,4407.904236233572,12296.61,10265.01,8419.63,11434.592857142856,2697.919092261748,14640.94,10688.757,3206.1308959136504,17812.04,41.0
2010-03-22,2010,1,3,12,0,22,81,11753.04,0,11487.295319148936,11753.04,6541.135000000001,12156.115217391305,11402.880000000001,3325.8650000000016,10134.5190625,10011.46,3808.175000000001,10760.975280898878,4407.904236233572,11305.16,11158.91,8234.22,11489.128571428571,2721.9989196815636,14640.94,10830.714666666667,3196.463604716002,17812.04,42.0
2010-03-23,2010,1,3,12,1,23,82,11158.130000000001,0,13140.664166666667,11548.115,5785.575000000001,12156.115217391305,11402.880000000001,3325.8650000000016,10134.5190625,10011.46,3808.175000000001,10760.975280898878,4407.904236233572,6396.35,14508.130000000001,8471.6,11553.111428571428,2722.217750208017,14640.94,10948.008666666667,3162.278590888421,17812.04,48.0
2010-03-24,2010,1,3,12,2,24,83,11216.66,0,12369.126041666668,11869.78,5797.93,12156.115217391305,11402.880000000001,3325.8650000000016,10134.5190625,10011.46,3808.175000000001,10760.975280898878,4407.904236233572,9876.83,17812.04,4157.2300000000005,12233.365714285714,1569.8947694230599,14640.94,11037.559666666668,3127.5810877202525,17812.04,49.0
2010-03-25,2010,1,3,12,3,25,84,15427.09,0,15114.165416666669,14577.54,5030.915000000001,12156.115217391305,11402.880000000001,3325.8650000000016,10134.5190625,10011.46,3808.175000000001,10760.975280898878,4407.904236233572,11959.52,8168.13,8064.87,12424.77,1291.7299933938632,14640.94,11272.874,2844.8567983529797,17812.04,53.0
2010-03-26,2010,1,3,12,4,26,85,9603.27,0,9699.178958333334,8698.96,3767.045000000002,12156.115217391305,11402.880000000001,3325.8650000000016,10134.5190625,10011.46,3808.175000000001,10760.975280898878,4407.904236233572,13566.74,11178.86,4883.9400000000005,12920.137142857142,1687.7571819499944,15427.09,11518.281333333334,2875.9560570712915,17812.04,40.0
2010-03-29,2010,1,3,13,0,29,88,11402.880000000001,0,11487.295319148936,11753.04,6541.135000000001,12156.115217391305,11402.880000000001,3325.8650000000016,10134.5190625,10011.46,3808.175000000001,10760.975280898878,4407.904236233572,14640.94,9908.32,9849.45,12353.927142857143,2058.7416007172405,15427.09,11675.592333333334,2618.060317670952,17812.04,34.0
2010-03-30,2010,1,3,13,1,30,89,16220.47,0,13140.664166666667,11548.115,5785.575000000001,12156.115217391305,11402.880000000001,3325.8650000000016,10134.5190625,10011.46,3808.175000000001,10760.975280898878,4407.904236233572,12678.36,12296.61,15394.86,11891.347142857145,1807.701253689462,15427.09,11727.373333333333,2595.9656566073922,17812.04,51.0
2010-03-31,2010,1,3,13,2,31,90,17089.2,0,12369.126041666668,11869.78,5797.93,12156.115217391305,11402.880000000001,3325.8650000000016,10134.5190625,10011.46,3808.175000000001,10760.975280898878,4407.904236233572,11753.04,11305.16,11134.08,12397.362857142858,2447.3201360107723,16220.47,11754.893666666667,2640.1856724264835,17812.04,54.0
2010-04-01,2010,2,4,13,3,1,91,15302.98,0,15114.165416666669,14577.54,5030.915000000001,12015.454545454546,12079.349999999999,5121.655000000001,11925.083538461538,12457.8,5437.800000000001,10760.975280898878,4407.904236233572,11158.130000000001,6396.35,14514.14,13159.671428571428,2985.147634905338,17089.2,11953.397666666666,2810.289778102634,17812.04,60.0
2010-04-02,2010,2,4,13,4,2,92,0.0,0,9699.178958333334,8698.96,3767.045000000002,12015.454545454546,12079.349999999999,5121.655000000001,11925.083538461538,12457.8,5437.800000000001,10760.975280898878,4407.904236233572,11216.66,9876.83,7712.86,13751.792857142858,2932.5753031520135,17089.2,11979.692333333334,2838.6233228118876,17812.04,0.0
2010-04-05,2010,2,4,14,0,5,95,0.0,0,11487.295319148936,11753.04,6541.135000000001,12015.454545454546,12079.349999999999,5121.655000000001,11925.083538461538,12457.8,5437.800000000001,10760.975280898878,4407.904236233572,15427.09,11959.52,12803.5,12149.412857142857,6004.325440651691,17089.2,11722.597,3508.6096992252615,17812.04,0.0
2010-04-06,2010,2,4,14,1,6,96,10395.01,0,13140.664166666667,11548.115,5785.575000000001,12015.454545454546,12079.349999999999,5121.655000000001,11925.083538461538,12457.8,5437.800000000001,10760.975280898878,4407.904236233572,9603.27,13566.74,9969.06,9945.542857142855,7293.573752120683,17089.2,11295.813666666665,4101.246771511184,17812.04,40.0
2010-04-07,2010,2,4,14,2,7,97,10270.8,0,12369.126041666668,11869.78,5797.93,12015.454545454546,12079.349999999999,5121.655000000001,11925.083538461538,12457.8,5437.800000000001,10760.975280898878,4407.904236233572,11402.880000000001,14640.94,9860.1,10058.648571428572,7293.520276602667,17089.2,11310.011999999999,4097.230568103625,17812.04,40.0
2010-04-08,2010,2,4,14,3,8,98,19780.69,0,15114.165416666669,14577.54,5030.915000000001,12015.454545454546,12079.349999999999,5121.655000000001,11925.083538461538,12457.8,5437.800000000001,10760.975280898878,4407.904236233572,16220.47,12678.36,15407.85,9896.922857142856,7271.262978324818,17089.2,11323.702,4092.9027967601296,17812.04,61.0
2010-04-09,2010,2,4,14,4,9,99,7745.0,0,9699.178958333334,8698.96,3767.045000000002,12015.454545454546,12079.349999999999,5121.655000000001,11925.083538461538,12457.8,5437.800000000001,10760.975280898878,4407.904236233572,17089.2,11753.04,8743.77,10405.525714285714,7885.836017844178,19780.69,11469.463333333335,4315.196627019871,19780.69,25.0
2010-04-12,2010,2,4,15,0,12,102,10843.22,0,11487.295319148936,11753.04,6541.135000000001,12015.454545454546,12079.349999999999,5121.655000000001,11925.083538461538,12457.8,5437.800000000001,10760.975280898878,4407.904236233572,15302.98,11158.130000000001,10265.01,9070.64,7337.709840604215,19780.69,11436.171,4340.728158983872,19780.69,29.0
2010-04-13,2010,2,4,15,1,13,103,12457.8,0,13140.664166666667,11548.115,5785.575000000001,12015.454545454546,12079.349999999999,5121.655000000001,11925.083538461538,12457.8,5437.800000000001,10760.975280898878,4407.904236233572,0.0,11216.66,11158.91,8433.531428571428,6886.103650198775,19780.69,11455.444666666668,4336.630410215407,19780.69,39.0
2010-04-14,2010,2,4,15,2,14,104,11730.64,0,12369.126041666668,11869.78,5797.93,12015.454545454546,12079.349999999999,5121.655000000001,11925.083538461538,12457.8,5437.800000000001,10760.975280898878,4407.904236233572,0.0,15427.09,14508.130000000001,10213.217142857144,5879.482082838909,19780.69,11498.741000000002,4340.0503825165115,19780.69,31.0
2010-04-15,2010,2,4,15,3,15,105,14733.61,0,15114.165416666669,14577.54,5030.915000000001,12015.454545454546,12079.349999999999,5121.655000000001,11925.083538461538,12457.8,5437.800000000001,10760.975280898878,4407.904236233572,10395.01,9603.27,17812.04,11889.022857142858,3780.307561353147,19780.69,11406.158000000001,4303.107493816612,19780.69,52.0
2010-04-16,2010,2,4,15,4,16,106,8659.19,0,9699.178958333334,8698.96,3767.045000000002,12015.454545454546,12079.349999999999,5121.655000000001,11925.083538461538,12457.8,5437.800000000001,10760.975280898878,4407.904236233572,10270.8,11402.880000000001,8168.13,12508.822857142857,3849.5646694689754,19780.69,11303.543666666666,4180.0264417951685,19780.69,29.0
2010-04-19,2010,2,4,16,0,19,109,14925.94,0,11487.295319148936,11753.04,6541.135000000001,12015.454545454546,12079.349999999999,5121.655000000001,11925.083538461538,12457.8,5437.800000000001,10760.975280898878,4407.904236233572,19780.69,16220.47,11178.86,12278.592857142856,4048.760607106465,19780.69,11319.912333333334,4168.269962900496,19780.69,38.0
2010-04-20,2010,2,4,16,1,20,110,12428.06,0,13140.664166666667,11548.115,5785.575000000001,12015.454545454546,12079.349999999999,5121.655000000001,11925.083538461538,12457.8,5437.800000000001,10760.975280898878,4407.904236233572,7745.0,17089.2,9908.32,11585.057142857142,2760.2782941502674,14925.94,11444.815,4219.720858200138,19780.69,46.0
2010-04-21,2010,2,4,16,2,21,111,10025.82,0,12369.126041666668,11869.78,5797.93,12015.454545454546,12079.349999999999,5121.655000000001,11925.083538461538,12457.8,5437.800000000001,10760.975280898878,4407.904236233572,10843.22,15302.98,12296.61,12254.065714285713,2181.2238630018114,14925.94,11528.806333333334,4213.155083763794,19780.69,40.0
2010-04-22,2010,2,4,16,3,22,112,17364.76,0,15114.165416666669,14577.54,5030.915000000001,12015.454545454546,12079.349999999999,5121.655000000001,11925.083538461538,12457.8,5437.800000000001,10760.975280898878,4407.904236233572,12457.8,0.0,11305.16,12137.294285714286,2288.579239439878,14925.94,11453.113333333335,4219.279067262176,19780.69,57.0
2010-04-23,2010,2,4,16,4,23,113,10787.83,0,9699.178958333334,8698.96,3767.045000000002,12015.454545454546,12079.349999999999,5121.655000000001,11925.083538461538,12457.8,5437.800000000001,10760.975280898878,4407.904236233572,11730.64,0.0,6396.35,12838.28857142857,3033.4109671041265,17364.76,11655.1,4354.818485836832,19780.69,40.0
2010-04-26,2010,2,4,17,0,26,116,13670.92,0,11487.295319148936,11753.04,6541.135000000001,12015.454545454546,12079.349999999999,5121.655000000001,11925.083538461538,12457.8,5437.800000000001,10760.975280898878,4407.904236233572,14733.61,10395.01,9876.83,12703.601428571428,3110.7341893912426,17364.76,11801.482666666667,4244.362372120858,19780.69,60.0
2010-04-27,2010,2,4,17,1,27,117,19667.58,0,13140.664166666667,11548.115,5785.575000000001,12015.454545454546,12079.349999999999,5121.655000000001,11925.083538461538,12457.8,5437.800000000001,10760.975280898878,4407.904236233572,8659.19,10270.8,11959.52,12551.78857142857,3019.7528484873706,17364.76,11927.95233333333,4241.56126585782,19780.69,59.0
2010-04-28,2010,2,4,17,2,28,118,18332.87,0,12369.126041666668,11869.78,5797.93,12015.454545454546,12079.349999999999,5121.655000000001,11925.083538461538,12457.8,5437.800000000001,10760.975280898878,4407.904236233572,14925.94,19780.69,13566.74,14124.415714285713,3485.290870194609,19667.58,12184.887666666667,4470.804849720848,19780.69,54.0
2010-04-29,2010,2,4,17,3,29,119,17178.9,0,15114.165416666669,14577.54,5030.915000000001,12015.454545454546,12079.349999999999,5121.655000000001,11925.083538461538,12457.8,5437.800000000001,10760.975280898878,4407.904236233572,12428.06,7745.0,14640.94,14611.119999999999,3836.10031067576,19667.58,12343.758666666667,4604.292432011775,19780.69,65.0
2010-04-30,2010,2,4,17,4,30,120,8038.38,0,9699.178958333334,8698.96,3767.045000000002,12015.454545454546,12079.349999999999,5121.655000000001,11925.083538461538,12457.8,5437.800000000001,10760.975280898878,4407.904236233572,10025.82,10843.22,12678.36,15289.81142857143,3805.640163837654,19667.58,12428.357333333335,4670.791843035295,19780.69,29.0
2010-05-03,2010,2,5,18,0,3,123,0.0,0,11487.295319148936,11753.04,6541.135000000001,11706.049523809525,12564.58,2674.960000000001,11925.083538461538,12457.8,5437.800000000001,10760.975280898878,4407.904236233572,17364.76,12457.8,11753.04,15005.891428571429,4305.166670759018,19667.58,12273.691333333332,4738.559177549962,19780.69,0.0
2010-05-04,2010,2,5,18,1,4,124,11191.48,0,13140.664166666667,11548.115,5785.575000000001,11706.049523809525,12564.58,2674.960000000001,11925.083538461538,12457.8,5437.800000000001,10760.975280898878,4407.904236233572,10787.83,11730.64,11158.130000000001,12525.21142857143,6925.109676268498,19667.58,11881.923333333334,5242.177441297706,19780.69,37.0
2010-05-05,2010,2,5,18,2,5,125,12594.75,0,12369.126041666668,11869.78,5797.93,11706.049523809525,12564.58,2674.960000000001,11925.083538461538,12457.8,5437.800000000001,10760.975280898878,4407.904236233572,13670.92,14733.61,11216.66,12582.875714285716,6909.8954801112495,19667.58,11883.035,5242.022193339822,19780.69,51.0
2010-05-06,2010,2,5,18,3,6,126,13866.44,0,15114.165416666669,14577.54,5030.915000000001,11706.049523809525,12564.58,2674.960000000001,11925.083538461538,12457.8,5437.800000000001,10760.975280898878,4407.904236233572,19667.58,8659.19,15427.09,12429.137142857144,6893.60555235723,19667.58,11928.971333333333,5242.019490377883,19780.69,54.0
2010-05-07,2010,2,5,18,4,7,127,15544.66,0,9699.178958333334,8698.96,3767.045000000002,11706.049523809525,12564.58,2674.960000000001,11925.083538461538,12457.8,5437.800000000001,10760.975280898878,4407.904236233572,18332.87,14925.94,9603.27,11600.402857142859,6191.310657711372,18332.87,11876.949666666666,5213.775006724797,19780.69,40.0
2010-05-10,2010,2,5,19,0,10,130,13825.07,0,11487.295319148936,11753.04,6541.135000000001,11706.049523809525,12564.58,2674.960000000001,11925.083538461538,12457.8,5437.800000000001,10760.975280898878,4407.904236233572,17178.9,12428.06,11402.880000000001,11202.087142857143,5760.706390182581,17178.9,12074.996000000001,5237.220420189741,19780.69,58.0
2010-05-11,2010,2,5,19,1,11,131,14484.55,0,13140.664166666667,11548.115,5785.575000000001,11706.049523809525,12564.58,2674.960000000001,11925.083538461538,12457.8,5437.800000000001,10760.975280898878,4407.904236233572,8038.38,10025.82,16220.47,10722.968571428572,5301.969658917419,15544.66,12155.735666666666,5245.166268804518,19780.69,51.0
2010-05-12,2010,2,5,19,2,12,132,12564.58,0,12369.126041666668,11869.78,5797.93,11706.049523809525,12564.58,2674.960000000001,11925.083538461538,12457.8,5437.800000000001,10760.975280898878,4407.904236233572,0.0,17364.76,17089.2,11643.85,5317.7629129801035,15544.66,12097.871666666668,5208.223504653785,19780.69,43.0
2010-05-13,2010,2,5,19,3,13,133,11902.33,0,15114.165416666669,14577.54,5030.915000000001,11706.049523809525,12564.58,2674.960000000001,11925.083538461538,12457.8,5437.800000000001,10760.975280898878,4407.904236233572,11191.48,10787.83,15302.98,13438.789999999999,1436.8627907818268,15544.66,11947.051,5123.523242547705,19780.69,49.0
2010-05-14,2010,2,5,19,4,14,134,7848.06,0,9699.178958333334,8698.96,3767.045000000002,11706.049523809525,12564.58,2674.960000000001,11925.083538461538,12457.8,5437.800000000001,10760.975280898878,4407.904236233572,12594.75,13670.92,0.0,13540.34,1266.59440727225,15544.66,11833.696,5084.182645207076,19780.69,32.0
2010-05-17,2010,2,5,20,0,17,137,12579.17,0,11487.295319148936,11753.04,6541.135000000001,11706.049523809525,12564.58,2674.960000000001,11925.083538461538,12457.8,5437.800000000001,10760.975280898878,4407.904236233572,13866.44,19667.58,0.0,12862.24142857143,2513.787176005083,15544.66,12095.298,4636.490747272939,19780.69,37.0
2010-05-18,2010,2,5,20,1,18,138,12632.0,0,13140.664166666667,11548.115,5785.575000000001,11706.049523809525,12564.58,2674.960000000001,11925.083538461538,12457.8,5437.800000000001,10760.975280898878,4407.904236233572,15544.66,18332.87,10395.01,12678.345714285713,2474.8652159990233,15544.66,12514.603666666666,4034.66756387043,19780.69,41.0
2010-05-19,2010,2,5,20,2,19,139,11276.79,0,12369.126041666668,11869.78,5797.93,11706.049523809525,12564.58,2674.960000000001,11925.083538461538,12457.8,5437.800000000001,10760.975280898878,4407.904236233572,13825.07,17178.9,10270.8,12262.251428571428,2134.0179701947836,14484.55,12589.17,4014.765972579137,19780.69,49.0
2010-05-20,2010,2,5,20,3,20,140,17633.54,0,15114.165416666669,14577.54,5030.915000000001,11706.049523809525,12564.58,2674.960000000001,11925.083538461538,12457.8,5437.800000000001,10760.975280898878,4407.904236233572,14484.55,8038.38,19780.69,11898.21142857143,2038.187621044962,14484.55,12622.703000000001,3998.9041454379753,19780.69,50.0
2010-05-21,2010,2,5,20,4,21,141,6509.2300000000005,0,9699.178958333334,8698.96,3767.045000000002,11706.049523809525,12564.58,2674.960000000001,11925.083538461538,12457.8,5437.800000000001,10760.975280898878,4407.904236233572,12564.58,0.0,7745.0,12348.067142857142,2878.469157438341,17633.54,12551.131333333333,3883.9361078765337,19667.58,26.0
2010-05-24,2010,2,5,21,0,24,144,16113.09,0,11487.295319148936,11753.04,6541.135000000001,11706.049523809525,12564.58,2674.960000000001,11925.083538461538,12457.8,5437.800000000001,10760.975280898878,4407.904236233572,11902.33,11191.48,10843.22,11483.017142857143,3617.560618887232,17633.54,12509.939,3942.774273103113,19667.58,54.0
2010-05-25,2010,2,5,21,1,25,145,11875.7,0,13140.664166666667,11548.115,5785.575000000001,11706.049523809525,12564.58,2674.960000000001,11925.083538461538,12457.8,5437.800000000001,10760.975280898878,4407.904236233572,7848.06,12594.75,12457.8,12084.554285714286,4025.9427847932147,17633.54,12685.601333333332,3983.143912201578,19667.58,45.0
2010-05-26,2010,2,5,21,2,26,146,11941.37,0,12369.126041666668,11869.78,5797.93,11706.049523809525,12564.58,2674.960000000001,11925.083538461538,12457.8,5437.800000000001,10760.975280898878,4407.904236233572,12579.17,13866.44,11730.64,12659.93142857143,3583.006561597063,17633.54,12666.198,3985.7088642915705,19667.58,54.0
2010-05-27,2010,2,5,21,3,27,147,20612.19,0,15114.165416666669,14577.54,5030.915000000001,11706.049523809525,12564.58,2674.960000000001,11925.083538461538,12457.8,5437.800000000001,10760.975280898878,4407.904236233572,12632.0,15544.66,14733.61,12568.817142857142,3593.49670816469,17633.54,12673.222333333333,3984.1886033996775,19667.58,76.0
2010-05-28,2010,2,5,21,4,28,148,10832.04,0,9699.178958333334,8698.96,3767.045000000002,11706.049523809525,12564.58,2674.960000000001,11925.083538461538,12457.8,5437.800000000001,10760.975280898878,4407.904236233572,11276.79,13825.07,8659.19,13708.844285714285,4709.450307448692,20612.19,12869.175,4226.2280110680485,20612.19,37.0
2010-05-31,2010,2,5,22,0,31,151,0.0,0,11487.295319148936,11753.04,6541.135000000001,11706.049523809525,12564.58,2674.960000000001,11925.083538461538,12457.8,5437.800000000001,10760.975280898878,4407.904236233572,17633.54,14484.55,14925.94,13645.308571428572,4750.550679143871,20612.19,12941.603333333333,4169.832801776913,20612.19,0.0
2010-06-01,2010,2,6,22,1,1,152,9405.05,0,13140.664166666667,11548.115,5785.575000000001,12043.790454545455,12616.650000000001,5584.59,11925.083538461538,12457.8,5437.800000000001,10760.975280898878,4407.904236233572,6509.2300000000005,12564.58,12428.06,11126.231428571427,6598.921617086203,20612.19,12444.071999999998,4771.897057340091,20612.19,29.0
2010-06-02,2010,2,6,22,2,2,153,6369.6,0,12369.126041666668,11869.78,5797.93,12043.790454545455,12616.650000000001,5584.59,11925.083538461538,12457.8,5437.800000000001,10760.975280898878,4407.904236233572,16113.09,11902.33,10025.82,11539.92,6347.209291365771,20612.19,12343.304999999998,4804.056557899253,20612.19,31.0
2010-06-03,2010,2,6,22,3,3,154,12729.54,0,15114.165416666669,14577.54,5030.915000000001,12043.790454545455,12616.650000000001,5584.59,11925.083538461538,12457.8,5437.800000000001,10760.975280898878,4407.904236233572,11875.7,7848.06,17364.76,10147.992857142857,6244.710983260721,20612.19,12221.431,4910.083360058121,20612.19,43.0
2010-06-04,2010,2,6,22,4,4,155,5727.83,0,9699.178958333334,8698.96,3767.045000000002,12043.790454545455,12616.650000000001,5584.59,11925.083538461538,12457.8,5437.800000000001,10760.975280898878,4407.904236233572,11941.37,12579.17,10787.83,10269.970000000001,6292.240675392718,20612.19,12066.923666666667,4814.657239029717,20612.19,24.0
2010-06-07,2010,2,6,23,0,7,158,19154.19,0,11487.295319148936,11753.04,6541.135000000001,12043.790454545455,12616.650000000001,5584.59,11925.083538461538,12457.8,5437.800000000001,10760.975280898878,4407.904236233572,20612.19,12632.0,13670.92,9382.32142857143,6453.368296446507,20612.19,11898.257000000001,4947.801253654303,20612.19,73.0
2010-06-08,2010,2,6,23,1,8,159,16069.14,0,13140.664166666667,11548.115,5785.575000000001,12043.790454545455,12616.650000000001,5584.59,11925.083538461538,12457.8,5437.800000000001,10760.975280898878,4407.904236233572,10832.04,11276.79,19667.58,9174.035714285714,6040.85480832764,19154.19,12081.032666666668,5114.028715491867,20612.19,50.0
2010-06-09,2010,2,6,23,2,9,160,14091.04,0,12369.126041666668,11869.78,5797.93,12043.790454545455,12616.650000000001,5584.59,11925.083538461538,12457.8,5437.800000000001,10760.975280898878,4407.904236233572,0.0,17633.54,18332.87,9922.192857142858,6580.6138520447885,19154.19,11961.084666666668,4970.128269223651,20612.19,49.0
2010-06-10,2010,2,6,23,3,10,161,12503.76,0,15114.165416666669,14577.54,5030.915000000001,12043.790454545455,12616.650000000001,5584.59,11925.083538461538,12457.8,5437.800000000001,10760.975280898878,4407.904236233572,9405.05,6509.2300000000005,17178.9,11935.198571428571,5006.510817330527,19154.19,11819.690333333334,4841.275003145977,20612.19,50.0
2010-06-11,2010,2,6,23,4,11,162,14842.85,0,9699.178958333334,8698.96,3767.045000000002,12043.790454545455,12616.650000000001,5584.59,11925.083538461538,12457.8,5437.800000000001,10760.975280898878,4407.904236233572,6369.6,16113.09,8038.38,12377.871428571427,4880.928854218999,19154.19,11663.852333333334,4736.937118291321,20612.19,55.0
2010-06-14,2010,2,6,24,0,14,165,9233.79,0,11487.295319148936,11753.04,6541.135000000001,12043.790454545455,12616.650000000001,5584.59,11925.083538461538,12457.8,5437.800000000001,10760.975280898878,4407.904236233572,12729.54,11875.7,0.0,13588.335714285715,4136.4442493719025,19154.19,11890.668,4720.232463380853,20612.19,38.0
2010-06-15,2010,2,6,24,1,15,166,11607.9,0,13140.664166666667,11548.115,5785.575000000001,12043.790454545455,12616.650000000001,5584.59,11925.083538461538,12457.8,5437.800000000001,10760.975280898878,4407.904236233572,5727.83,11941.37,11191.48,13088.942857142858,4456.078468181463,19154.19,12198.461000000001,4189.338520896989,20612.19,36.0
2010-06-16,2010,2,6,24,2,16,167,17443.07,0,12369.126041666668,11869.78,5797.93,12043.790454545455,12616.650000000001,5584.59,11925.083538461538,12457.8,5437.800000000001,10760.975280898878,4407.904236233572,19154.19,20612.19,12594.75,13928.952857142856,3219.937880765785,19154.19,12212.341666666667,4186.575966646732,20612.19,58.0
2010-06-17,2010,2,6,24,3,17,168,15955.55,0,15114.165416666669,14577.54,5030.915000000001,12043.790454545455,12616.650000000001,5584.59,11925.083538461538,12457.8,5437.800000000001,10760.975280898878,4407.904236233572,16069.14,10832.04,13866.44,13684.507142857145,2793.9112333770477,17443.07,12373.952333333333,4294.04509053521,20612.19,55.0
2010-06-18,2010,2,6,24,4,18,169,8749.44,0,9699.178958333334,8698.96,3767.045000000002,12043.790454545455,12616.650000000001,5584.59,11925.083538461538,12457.8,5437.800000000001,10760.975280898878,4407.904236233572,14091.04,0.0,15544.66,13668.279999999999,2778.037629766735,17443.07,12443.589333333333,4335.819999622179,20612.19,39.0
2010-06-21,2010,2,6,25,0,21,172,13287.75,0,11487.295319148936,11753.04,6541.135000000001,12043.790454545455,12616.650000000001,5584.59,11925.083538461538,12457.8,5437.800000000001,10760.975280898878,4407.904236233572,12503.76,9405.05,13825.07,12905.194285714286,3322.777972093312,17443.07,12217.081999999999,4345.713900560746,20612.19,39.0
2010-06-22,2010,2,6,25,1,22,173,7464.79,0,13140.664166666667,11548.115,5785.575000000001,12043.790454545455,12616.650000000001,5584.59,11925.083538461538,12457.8,5437.800000000001,10760.975280898878,4407.904236233572,14842.85,6369.6,14484.55,13017.192857142858,3320.2036669392915,17443.07,12199.171333333334,4339.961586747794,20612.19,28.0
2010-06-23,2010,2,6,25,2,23,174,9566.31,0,12369.126041666668,11869.78,5797.93,12043.790454545455,12616.650000000001,5584.59,11925.083538461538,12457.8,5437.800000000001,10760.975280898878,4407.904236233572,9233.79,12729.54,12564.58,11963.184285714287,3782.9029713517457,17443.07,11965.179333333333,4401.299079137128,20612.19,41.0
2010-06-24,2010,2,6,25,3,24,175,9262.07,0,15114.165416666669,14577.54,5030.915000000001,12043.790454545455,12616.650000000001,5584.59,11925.083538461538,12457.8,5437.800000000001,10760.975280898878,4407.904236233572,11607.9,5727.83,11902.33,12010.687142857143,3744.813009763029,17443.07,11865.237000000001,4421.2153608982235,20612.19,34.0
2010-06-25,2010,2,6,25,4,25,176,8738.73,0,9699.178958333334,8698.96,3767.045000000002,12043.790454545455,12616.650000000001,5584.59,11925.083538461538,12457.8,5437.800000000001,10760.975280898878,4407.904236233572,17443.07,19154.19,7848.06,11675.56857142857,3889.0503207870997,17443.07,11777.228333333334,4446.656820628498,20612.19,33.0
2010-06-28,2010,2,6,26,0,28,179,13021.61,0,11487.295319148936,11753.04,6541.135000000001,12043.790454545455,12616.650000000001,5584.59,11925.083538461538,12457.8,5437.800000000001,10760.975280898878,4407.904236233572,15955.55,16069.14,12579.17,10432.091428571428,3035.500360129704,15955.55,11806.917333333335,4422.42566753456,20612.19,53.0
2010-06-29,2010,2,6,26,1,29,180,14966.130000000001,0,13140.664166666667,11548.115,5785.575000000001,12043.790454545455,12616.650000000001,5584.59,11925.083538461538,12457.8,5437.800000000001,10760.975280898878,4407.904236233572,8749.44,14091.04,12632.0,10012.957142857142,2245.472170589165,13287.75,11821.665333333334,4425.826218402018,20612.19,39.0
2010-06-30,2010,2,6,26,2,30,181,14773.25,0,12369.126041666668,11869.78,5797.93,12043.790454545455,12616.650000000001,5584.59,11925.083538461538,12457.8,5437.800000000001,10760.975280898878,4407.904236233572,13287.75,12503.76,11276.79,10901.055714285714,2818.6664662499284,14966.130000000001,11899.469666666668,4460.940074455841,20612.19,57.0
2010-07-01,2010,3,7,26,3,1,182,18629.13,0,15114.165416666669,14577.54,5030.915000000001,11574.898636363638,12044.005000000001,4986.889999999999,12532.200454545455,12000.395,5416.955,10760.975280898878,4407.904236233572,7464.79,14842.85,17633.54,11113.27,3072.773409023184,14966.130000000001,12016.018333333333,4489.693099774102,20612.19,69.0
2010-07-02,2010,3,7,26,4,2,183,8383.7,0,9699.178958333334,8698.96,3767.045000000002,11574.898636363638,12044.005000000001,4986.889999999999,12532.200454545455,12000.395,5416.955,10760.975280898878,4407.904236233572,9566.31,9233.79,6509.2300000000005,12708.175714285713,3697.3480159471796,18629.13,12049.204666666667,4536.087620152592,20612.19,30.0
2010-07-05,2010,3,7,27,0,5,186,17951.52,0,11487.295319148936,11753.04,6541.135000000001,11574.898636363638,12044.005000000001,4986.889999999999,12532.200454545455,12000.395,5416.955,10760.975280898878,4407.904236233572,9262.07,11607.9,16113.09,12539.231428571427,3886.992602284478,18629.13,12111.687000000002,4469.568057229683,20612.19,53.0
2010-07-06,2010,3,7,27,1,6,187,8897.09,0,13140.664166666667,11548.115,5785.575000000001,11574.898636363638,12044.005000000001,4986.889999999999,12532.200454545455,12000.395,5416.955,10760.975280898878,4407.904236233572,8738.73,17443.07,11875.7,13780.58142857143,4050.076146100746,18629.13,12172.968,4538.395138640666,20612.19,38.0
2010-07-07,2010,3,7,27,2,7,188,12283.37,0,12369.126041666668,11869.78,5797.93,11574.898636363638,12044.005000000001,4986.889999999999,12532.200454545455,12000.395,5416.955,10760.975280898878,4407.904236233572,13021.61,15955.55,11941.37,13803.204285714284,4017.5311839646693,18629.13,12073.681,4577.53567851656,20612.19,42.0
2010-07-08,2010,3,7,27,3,8,189,12724.81,0,15114.165416666669,14577.54,5030.915000000001,11574.898636363638,12044.005000000001,4986.889999999999,12532.200454545455,12000.395,5416.955,10760.975280898878,4407.904236233572,14966.130000000001,8749.44,20612.19,13697.741428571431,4051.0181973936214,18629.13,12085.081,4577.620667275891,20612.19,53.0
2010-07-09,2010,3,7,27,4,9,190,5744.58,0,9699.178958333334,8698.96,3767.045000000002,11574.898636363638,12044.005000000001,4986.889999999999,12532.200454545455,12000.395,5416.955,10760.975280898878,4407.904236233572,14773.25,13287.75,10832.04,13377.552857142859,4022.533023716581,18629.13,11822.168333333333,4288.347046789008,19154.19,20.0
2010-07-12,2010,3,7,28,0,12,193,7736.900000000001,0,11487.295319148936,11753.04,6541.135000000001,11574.898636363638,12044.005000000001,4986.889999999999,12532.200454545455,12000.395,5416.955,10760.975280898878,4407.904236233572,18629.13,7464.79,0.0,12087.742857142859,4860.618390560724,18629.13,11652.586333333335,4427.19524977273,19154.19,30.0
2010-07-13,2010,3,7,28,1,13,194,7955.28,0,13140.664166666667,11548.115,5785.575000000001,11574.898636363638,12044.005000000001,4986.889999999999,12532.200454545455,12000.395,5416.955,10760.975280898878,4407.904236233572,8383.7,9566.31,9405.05,10531.710000000001,4101.729043529485,17951.52,11910.483000000002,3921.453750902845,19154.19,30.0
2010-07-14,2010,3,7,28,2,14,195,9523.55,0,12369.126041666668,11869.78,5797.93,11574.898636363638,12044.005000000001,4986.889999999999,12532.200454545455,12000.395,5416.955,10760.975280898878,4407.904236233572,17951.52,9262.07,6369.6,10470.507142857143,4142.119242930738,17951.52,11862.157333333334,3962.1161241036702,19154.19,42.0
2010-07-15,2010,3,7,28,3,15,196,13862.1,0,15114.165416666669,14577.54,5030.915000000001,11574.898636363638,12044.005000000001,4986.889999999999,12532.200454545455,12000.395,5416.955,10760.975280898878,4407.904236233572,8897.09,8738.73,12729.54,9266.511428571428,2507.55012038595,12724.81,11967.288999999999,3851.653829402914,19154.19,53.0
2010-07-16,2010,3,7,28,4,16,197,12178.7,0,9699.178958333334,8698.96,3767.045000000002,11574.898636363638,12044.005000000001,4986.889999999999,12532.200454545455,12000.395,5416.955,10760.975280898878,4407.904236233572,12283.37,13021.61,5727.83,9975.798571428571,3032.8256902951516,13862.1,12005.041000000001,3864.910246353455,19154.19,50.0
2010-07-19,2010,3,7,29,0,19,200,13756.98,0,11487.295319148936,11753.04,6541.135000000001,11574.898636363638,12044.005000000001,4986.889999999999,12532.200454545455,12000.395,5416.955,10760.975280898878,4407.904236233572,12724.81,14966.130000000001,19154.19,9960.845714285713,3019.7823789353674,13862.1,12220.07,3678.586968891255,19154.19,47.0
2010-07-20,2010,3,7,29,1,20,201,11909.31,0,13140.664166666667,11548.115,5785.575000000001,11574.898636363638,12044.005000000001,4986.889999999999,12532.200454545455,12000.395,5416.955,10760.975280898878,4407.904236233572,5744.58,14773.25,16069.14,10108.298571428571,3197.2241664628805,13862.1,12040.163,3452.8206203715677,18629.13,44.0
2010-07-21,2010,3,7,29,2,21,202,11737.69,0,12369.126041666668,11869.78,5797.93,11574.898636363638,12044.005000000001,4986.889999999999,12532.200454545455,12000.395,5416.955,10760.975280898878,4407.904236233572,7736.900000000001,18629.13,14091.04,10988.974285714286,2585.4054686119443,13862.1,11901.502,3367.9257788881428,18629.13,37.0
2010-07-22,2010,3,7,29,3,22,203,12621.03,0,15114.165416666669,14577.54,5030.915000000001,11574.898636363638,12044.005000000001,4986.889999999999,12532.200454545455,12000.395,5416.955,10760.975280898878,4407.904236233572,7955.28,8383.7,12503.76,11560.515714285712,2152.6688649120842,13862.1,11823.057,3342.4797045680475,18629.13,48.0
2010-07-23,2010,3,7,29,4,23,204,7458.72,0,9699.178958333334,8698.96,3767.045000000002,11574.898636363638,12044.005000000001,4986.889999999999,12532.200454545455,12000.395,5416.955,10760.975280898878,4407.904236233572,9523.55,17951.52,14842.85,12227.051428571429,1461.7897955067263,13862.1,11826.965999999999,3343.371685600196,18629.13,30.0
2010-07-26,2010,3,7,30,0,26,207,12512.42,0,11487.295319148936,11753.04,6541.135000000001,11574.898636363638,12044.005000000001,4986.889999999999,12532.200454545455,12000.395,5416.955,10760.975280898878,4407.904236233572,13862.1,8897.09,9233.79,11932.075714285716,2146.313365275882,13862.1,11580.828333333335,3385.2336388610497,18629.13,42.0
2010-07-27,2010,3,7,30,1,27,208,11488.33,0,13140.664166666667,11548.115,5785.575000000001,11574.898636363638,12044.005000000001,4986.889999999999,12532.200454545455,12000.395,5416.955,10760.975280898878,4407.904236233572,12178.7,12283.37,11607.9,11739.264285714287,1999.6474018090987,13756.98,11690.116,3359.6764888043635,18629.13,45.0
2010-07-28,2010,3,7,30,2,28,209,15780.43,0,12369.126041666668,11869.78,5797.93,11574.898636363638,12044.005000000001,4986.889999999999,12532.200454545455,12000.395,5416.955,10760.975280898878,4407.904236233572,13756.98,12724.81,17443.07,11640.640000000001,1991.3695207904805,13756.98,11686.130333333334,3359.848306952913,18629.13,52.0
2010-07-29,2010,3,7,30,3,29,210,14501.86,0,15114.165416666669,14577.54,5030.915000000001,11574.898636363638,12044.005000000001,4986.889999999999,12532.200454545455,12000.395,5416.955,10760.975280898878,4407.904236233572,11909.31,5744.58,15955.55,11929.704285714284,2444.973569372182,15780.43,11630.709,3274.233937440201,18629.13,53.0
2010-07-30,2010,3,7,30,4,30,211,7010.27,0,9699.178958333334,8698.96,3767.045000000002,11574.898636363638,12044.005000000001,4986.889999999999,12532.200454545455,12000.395,5416.955,10760.975280898878,4407.904236233572,11737.69,7736.900000000001,8749.44,12300.06857142857,2630.6765825634275,15780.43,11582.252666666667,3218.3013635798966,18629.13,28.0
2010-08-02,2010,3,8,31,0,2,214,12460.0,0,11487.295319148936,11753.04,6541.135000000001,10775.735454545455,10449.925,4977.977500000001,12532.200454545455,12000.395,5416.955,10760.975280898878,4407.904236233572,12621.03,7955.28,13287.75,11624.722857142859,3316.519564351126,15780.43,11524.280333333334,3286.0405925184773,18629.13,42.0
2010-08-03,2010,3,8,31,1,3,215,10738.41,0,13140.664166666667,11548.115,5785.575000000001,10775.735454545455,10449.925,4977.977500000001,12532.200454545455,12000.395,5416.955,10760.975280898878,4407.904236233572,7458.72,9523.55,7464.79,11601.718571428572,3309.0070949527435,15780.43,11496.688666666667,3274.1765351787903,18629.13,42.0
2010-08-04,2010,3,8,31,2,4,216,11798.19,0,12369.126041666668,11869.78,5797.93,10775.735454545455,10449.925,4977.977500000001,12532.200454545455,12000.395,5416.955,10760.975280898878,4407.904236233572,12512.42,13862.1,9566.31,12070.245714285715,2820.7980096706465,15780.43,11605.809333333333,3188.6019399016172,18629.13,42.0
2010-08-05,2010,3,8,31,3,5,217,13317.73,0,15114.165416666669,14577.54,5030.915000000001,10775.735454545455,10449.925,4977.977500000001,12532.200454545455,12000.395,5416.955,10760.975280898878,4407.904236233572,11488.33,12178.7,9262.07,11968.212857142857,2815.049725829093,15780.43,11680.205333333333,3165.3277732381266,18629.13,44.0
2010-08-06,2010,3,8,31,4,6,218,7858.83,0,9699.178958333334,8698.96,3767.045000000002,10775.735454545455,10449.925,4977.977500000001,12532.200454545455,12000.395,5416.955,10760.975280898878,4407.904236233572,15780.43,13756.98,8738.73,12229.555714285714,2847.8014353992235,15780.43,11815.394,3145.0318057967393,18629.13,25.0
2010-08-09,2010,3,8,32,0,9,221,7830.45,0,11487.295319148936,11753.04,6541.135000000001,10775.735454545455,10449.925,4977.977500000001,12532.200454545455,12000.395,5416.955,10760.975280898878,4407.904236233572,14501.86,11909.31,13021.61,11097.898571428572,2774.582189161868,14501.86,11786.064,3178.636969731218,18629.13,33.0
2010-08-10,2010,3,8,32,1,10,222,7566.25,0,13140.664166666667,11548.115,5785.575000000001,10775.735454545455,10449.925,4977.977500000001,12532.200454545455,12000.395,5416.955,10760.975280898878,4407.904236233572,7010.27,11737.69,14966.130000000001,10144.84,2546.9216786217266,13317.73,11613.025333333333,3249.5638612872895,18629.13,28.0
2010-08-11,2010,3,8,32,2,11,223,7469.04,0,12369.126041666668,11869.78,5797.93,10775.735454545455,10449.925,4977.977500000001,12532.200454545455,12000.395,5416.955,10760.975280898878,4407.904236233572,12460.0,12621.03,14773.25,10224.265714285715,2439.272378421186,13317.73,11366.362666666666,3267.067117345603,18629.13,30.0
2010-08-12,2010,3,8,32,3,12,224,15476.380000000001,0,15114.165416666669,14577.54,5030.915000000001,10775.735454545455,10449.925,4977.977500000001,12532.200454545455,12000.395,5416.955,10760.975280898878,4407.904236233572,10738.41,7458.72,18629.13,9511.271428571428,2406.0525554278593,13317.73,11122.889,3276.572845810977,18629.13,50.0
2010-08-13,2010,3,8,32,4,13,225,8971.29,0,9699.178958333334,8698.96,3767.045000000002,10775.735454545455,10449.925,4977.977500000001,12532.200454545455,12000.395,5416.955,10760.975280898878,4407.904236233572,11798.19,12512.42,8383.7,10188.124285714284,3306.6669034132474,15476.380000000001,11017.797333333332,3071.671795664745,17951.52,31.0
2010-08-16,2010,3,8,33,0,16,228,8103.25,0,11487.295319148936,11753.04,6541.135000000001,10775.735454545455,10449.925,4977.977500000001,12532.200454545455,12000.395,5416.955,10760.975280898878,4407.904236233572,13317.73,11488.33,17951.52,9784.281428571428,3249.3852434597943,15476.380000000001,11037.383666666667,3056.1305022601205,17951.52,28.0
2010-08-17,2010,3,8,33,1,17,229,9417.69,0,13140.664166666667,11548.115,5785.575000000001,10775.735454545455,10449.925,4977.977500000001,12532.200454545455,12000.395,5416.955,10760.975280898878,4407.904236233572,7858.83,15780.43,8897.09,9039.355714285715,2881.181308097176,15476.380000000001,10709.108,2806.57471623624,15780.43,35.0
2010-08-18,2010,3,8,33,2,18,230,15134.380000000001,0,12369.126041666668,11869.78,5797.93,10775.735454545455,10449.925,4977.977500000001,12532.200454545455,12000.395,5416.955,10760.975280898878,4407.904236233572,7830.45,14501.86,12283.37,9262.050000000001,2834.5952396594444,15476.380000000001,10726.461333333335,2796.5761367450614,15780.43,43.0
2010-08-19,2010,3,8,33,3,19,231,12957.01,0,15114.165416666669,14577.54,5030.915000000001,10775.735454545455,10449.925,4977.977500000001,12532.200454545455,12000.395,5416.955,10760.975280898878,4407.904236233572,7566.25,7010.27,12724.81,10305.468571428572,3488.631677766266,15476.380000000001,10821.495,2897.913309972453,15780.43,47.0
2010-08-20,2010,3,8,33,4,20,232,10161.44,0,9699.178958333334,8698.96,3767.045000000002,10775.735454545455,10449.925,4977.977500000001,12532.200454545455,12000.395,5416.955,10760.975280898878,4407.904236233572,7469.04,12460.0,5744.58,11075.577142857144,3376.3685862561165,15476.380000000001,10829.235000000002,2903.4768937837594,15780.43,35.0
2010-08-23,2010,3,8,34,0,23,235,12063.62,0,11487.295319148936,11753.04,6541.135000000001,10775.735454545455,10449.925,4977.977500000001,12532.200454545455,12000.395,5416.955,10760.975280898878,4407.904236233572,15476.380000000001,10738.41,7736.900000000001,11460.205714285714,3032.9345406984776,15476.380000000001,10976.463666666667,2744.3805242443314,15780.43,33.0
2010-08-24,2010,3,8,34,1,24,236,12720.62,0,13140.664166666667,11548.115,5785.575000000001,10775.735454545455,10449.925,4977.977500000001,12532.200454545455,12000.395,5416.955,10760.975280898878,4407.904236233572,8971.29,11798.19,7955.28,10972.668571428572,2508.743284870123,15134.380000000001,11120.687666666667,2681.226100584017,15780.43,42.0
2010-08-25,2010,3,8,34,2,25,237,19209.31,0,12369.126041666668,11869.78,5797.93,10775.735454545455,10449.925,4977.977500000001,12532.200454545455,12000.395,5416.955,10760.975280898878,4407.904236233572,8103.25,13317.73,9523.55,11508.287142857143,2408.469930901593,15134.380000000001,11279.532333333334,2627.856459644315,15780.43,54.0
2010-08-26,2010,3,8,34,3,26,238,17149.47,0,15114.165416666669,14577.54,5030.915000000001,10775.735454545455,10449.925,4977.977500000001,12532.200454545455,12000.395,5416.955,10760.975280898878,4407.904236233572,9417.69,7858.83,13862.1,13094.867142857143,3288.748162942417,19209.31,11602.391000000001,2976.5406090991255,19209.31,55.0
2010-08-27,2010,3,8,34,4,27,239,6869.32,0,9699.178958333334,8698.96,3767.045000000002,10775.735454545455,10449.925,4977.977500000001,12532.200454545455,12000.395,5416.955,10760.975280898878,4407.904236233572,15134.380000000001,7830.45,12178.7,14199.407142857144,3143.069072937647,19209.31,11711.97,3119.6684167369767,19209.31,28.0
2010-08-30,2010,3,8,35,0,30,242,0.0,0,11487.295319148936,11753.04,6541.135000000001,10775.735454545455,10449.925,4977.977500000001,12532.200454545455,12000.395,5416.955,10760.975280898878,4407.904236233572,12957.01,7566.25,13756.98,13018.684285714287,4130.588279413546,19209.31,11534.990666666668,3240.5372664271235,19209.31,0.0
2010-08-31,2010,3,8,35,1,31,243,9793.5,0,13140.664166666667,11548.115,5785.575000000001,10775.735454545455,10449.925,4977.977500000001,12532.200454545455,12000.395,5416.955,10760.975280898878,4407.904236233572,10161.44,7469.04,11909.31,11167.682857142858,6427.408108998821,19209.31,11076.424666666666,3834.2452445710073,19209.31,35.0
2010-09-01,2010,3,9,35,2,1,244,6616.9400000000005,1,12369.126041666668,11869.78,5797.93,15245.967272727274,13951.715,9622.5575,12532.200454545455,12000.395,5416.955,17048.520327868853,6702.103127104946,12063.62,15476.380000000001,11737.69,11115.12,6438.503499227648,19209.31,11005.897666666666,3837.854273256922,19209.31,28.0
2010-09-02,2010,3,9,35,3,2,245,13819.06,1,15114.165416666669,14577.54,5030.915000000001,15245.967272727274,13951.715,9622.5575,12532.200454545455,12000.395,5416.955,17048.520327868853,6702.103127104946,12720.62,8971.29,12621.03,10337.022857142858,6631.0115967040665,19209.31,10835.206,3917.238635466357,19209.31,58.0
2010-09-03,2010,3,9,35,4,3,246,8408.88,1,9699.178958333334,8698.96,3767.045000000002,15245.967272727274,13951.715,9622.5575,12532.200454545455,12000.395,5416.955,17048.520327868853,6702.103127104946,19209.31,8103.25,7458.72,10493.942857142858,6709.353780279971,19209.31,10875.140333333335,3942.09979095465,19209.31,36.0
2010-09-06,2010,3,9,36,0,6,249,10080.03,1,11487.295319148936,11753.04,6541.135000000001,15245.967272727274,13951.715,9622.5575,12532.200454545455,12000.395,5416.955,17048.520327868853,6702.103127104946,17149.47,9417.69,12512.42,8951.024285714286,5504.819820708205,17149.47,10906.812333333333,3917.4445873938344,19209.31,30.0
2010-09-07,2010,3,9,36,1,7,250,9730.92,1,13140.664166666667,11548.115,5785.575000000001,15245.967272727274,13951.715,9622.5575,12532.200454545455,12000.395,5416.955,17048.520327868853,6702.103127104946,6869.32,15134.380000000001,11488.33,7941.104285714285,4257.127757827091,13819.06,10825.732666666669,3908.228130322973,19209.31,36.0
2010-09-08,2010,3,9,36,2,8,251,9959.86,1,12369.126041666668,11869.78,5797.93,15245.967272727274,13951.715,9622.5575,12532.200454545455,12000.395,5416.955,17048.520327868853,6702.103127104946,0.0,12957.01,15780.43,8349.904285714287,4274.4145239391455,13819.06,10767.152333333333,3911.123819119954,19209.31,37.0
2010-09-09,2010,3,9,36,3,9,252,12300.130000000001,1,15114.165416666669,14577.54,5030.915000000001,15245.967272727274,13951.715,9622.5575,12532.200454545455,12000.395,5416.955,17048.520327868853,6702.103127104946,9793.5,10161.44,14501.86,9772.74142857143,2172.6908895992583,13819.06,10573.133333333333,3796.546811673717,19209.31,47.0
2010-09-10,2010,3,9,36,4,10,253,10148.37,1,9699.178958333334,8698.96,3767.045000000002,15245.967272727274,13951.715,9622.5575,12532.200454545455,12000.395,5416.955,17048.520327868853,6702.103127104946,6616.9400000000005,12063.62,7010.27,10130.83142857143,2373.927025924403,13819.06,10499.742333333334,3738.82380639418,19209.31,34.0
2010-09-13,2010,3,9,37,0,13,256,14493.800000000001,1,11487.295319148936,11753.04,6541.135000000001,15245.967272727274,13951.715,9622.5575,12532.200454545455,12000.395,5416.955,17048.520327868853,6702.103127104946,13819.06,12720.62,12460.0,10635.32142857143,1811.2831849035308,13819.06,10604.345666666666,3681.2858034497344,19209.31,43.0
2010-09-14,2010,3,9,37,1,14,257,11937.17,1,13140.664166666667,11548.115,5785.575000000001,15245.967272727274,13951.715,9622.5575,12532.200454545455,12000.395,5416.955,17048.520327868853,6702.103127104946,8408.88,19209.31,10738.41,10731.712857142858,2015.4034789566253,14493.800000000001,10672.139,3734.972712630181,19209.31,46.0
2010-09-15,2010,3,9,37,2,15,258,11750.87,1,12369.126041666668,11869.78,5797.93,15245.967272727274,13951.715,9622.5575,12532.200454545455,12000.395,5416.955,17048.520327868853,6702.103127104946,10080.03,17149.47,11798.19,11235.754285714285,1763.0597081480896,14493.800000000001,10712.097666666668,3742.111816151945,19209.31,48.0
2010-09-16,2010,3,9,37,3,16,259,16546.32,1,15114.165416666669,14577.54,5030.915000000001,15245.967272727274,13951.715,9622.5575,12532.200454545455,12000.395,5416.955,17048.520327868853,6702.103127104946,9730.92,6869.32,13317.73,11474.445714285714,1692.1932314293263,14493.800000000001,10710.520333333336,3741.648176652195,19209.31,42.0
2010-09-17,2010,3,9,37,4,17,260,10522.12,1,9699.178958333334,8698.96,3767.045000000002,15245.967272727274,13951.715,9622.5575,12532.200454545455,12000.395,5416.955,17048.520327868853,6702.103127104946,9959.86,0.0,7858.83,12448.074285714287,2353.347484009792,16546.32,10818.140000000001,3863.6661033245737,19209.31,35.0
2010-09-20,2010,3,9,38,0,20,263,15625.45,1,11487.295319148936,11753.04,6541.135000000001,15245.967272727274,13951.715,9622.5575,12532.200454545455,12000.395,5416.955,17048.520327868853,6702.103127104946,12300.130000000001,9793.5,7830.45,12528.397142857142,2262.093187453556,16546.32,10906.916333333334,3823.7156149884845,19209.31,44.0
2010-09-21,2010,3,9,38,1,21,264,24993.63,1,13140.664166666667,11548.115,5785.575000000001,15245.967272727274,13951.715,9622.5575,12532.200454545455,12000.395,5416.955,17048.520327868853,6702.103127104946,10148.37,6616.9400000000005,7566.25,13003.442857142858,2538.4491666219724,16546.32,11166.749666666668,3871.993810798061,19209.31,65.0
2010-09-22,2010,3,9,38,2,22,265,14084.37,1,12369.126041666668,11869.78,5797.93,15245.967272727274,13951.715,9622.5575,12532.200454545455,12000.395,5416.955,17048.520327868853,6702.103127104946,14493.800000000001,13819.06,7469.04,15124.194285714288,4878.394294877691,24993.63,11747.662333333334,4559.465267228151,24993.63,32.0
2010-09-23,2010,3,9,38,3,23,266,24462.260000000002,1,15114.165416666669,14577.54,5030.915000000001,15245.967272727274,13951.715,9622.5575,12532.200454545455,12000.395,5416.955,17048.520327868853,6702.103127104946,11937.17,8408.88,15476.380000000001,15065.704285714286,4889.653624521394,24993.63,11968.173333333336,4505.046299977418,24993.63,68.0
2010-09-24,2010,3,9,38,4,24,267,14955.41,1,9699.178958333334,8698.96,3767.045000000002,15245.967272727274,13951.715,9622.5575,12532.200454545455,12000.395,5416.955,17048.520327868853,6702.103127104946,11750.87,10080.03,8971.29,16855.00285714286,5766.984802557033,24993.63,12267.70266666667,5016.080953244573,24993.63,40.0
2010-09-27,2010,3,9,39,0,27,270,24234.18,1,11487.295319148936,11753.04,6541.135000000001,15245.967272727274,13951.715,9622.5575,12532.200454545455,12000.395,5416.955,17048.520327868853,6702.103127104946,16546.32,9730.92,8103.25,17312.794285714288,5410.452108844066,24993.63,12467.173333333334,4999.430152322075,24993.63,53.0
2010-09-28,2010,3,9,39,1,28,271,27887.5,1,13140.664166666667,11548.115,5785.575000000001,15245.967272727274,13951.715,9622.5575,12532.200454545455,12000.395,5416.955,17048.520327868853,6702.103127104946,10522.12,9959.86,9417.69,18411.06,5979.307881541695,24993.63,13004.871000000001,5367.783236034284,24993.63,84.0
2010-09-29,2010,3,9,39,2,29,272,21883.63,1,12369.126041666668,11869.78,5797.93,15245.967272727274,13951.715,9622.5575,12532.200454545455,12000.395,5416.955,17048.520327868853,6702.103127104946,15625.45,12300.130000000001,15134.380000000001,20891.828571428574,5759.062253942122,27887.5,13620.531333333334,5967.825972334818,27887.5,73.0
2010-09-30,2010,3,9,39,3,30,273,20970.38,1,15114.165416666669,14577.54,5030.915000000001,15245.967272727274,13951.715,9622.5575,12532.200454545455,12000.395,5416.955,17048.520327868853,6702.103127104946,24993.63,10148.37,12957.01,21785.854285714286,5270.274206025261,27887.5,13845.506333333333,6151.260334880909,27887.5,59.0
2010-10-01,2010,4,10,39,4,1,274,13352.41,1,9699.178958333334,8698.96,3767.045000000002,20382.169523809524,20279.9,5621.759999999998,16012.464999999998,18559.0,8493.822500000002,17048.520327868853,6702.103127104946,14084.37,14493.800000000001,10161.44,21211.104285714286,5078.017191453294,27887.5,14112.618666666669,6283.90400448514,27887.5,44.0
2010-10-04,2010,4,10,40,0,4,277,21541.13,1,11487.295319148936,11753.04,6541.135000000001,20382.169523809524,20279.9,5621.759999999998,16012.464999999998,18559.0,8493.822500000002,17048.520327868853,6702.103127104946,24462.260000000002,11937.17,12063.62,21106.538571428573,5253.72483667676,27887.5,14218.984333333334,6241.581174834866,27887.5,64.0
2010-10-05,2010,4,10,40,1,5,278,29623.52,1,13140.664166666667,11548.115,5785.575000000001,20382.169523809524,20279.9,5621.759999999998,16012.464999999998,18559.0,8493.822500000002,17048.520327868853,6702.103127104946,14955.41,11750.87,12720.62,20689.234285714283,5055.009912495577,27887.5,14534.901333333333,6367.311040011579,27887.5,91.0
2010-10-06,2010,4,10,40,2,6,279,15465.300000000001,1,12369.126041666668,11869.78,5797.93,20382.169523809524,20279.9,5621.759999999998,16012.464999999998,18559.0,8493.822500000002,17048.520327868853,6702.103127104946,24234.18,16546.32,19209.31,22784.678571428572,5315.500357380691,29623.52,15098.331333333334,6924.688570345531,29623.52,47.0
2010-10-07,2010,4,10,40,3,7,280,28604.97,1,15114.165416666669,14577.54,5030.915000000001,20382.169523809524,20279.9,5621.759999999998,16012.464999999998,18559.0,8493.822500000002,17048.520327868853,6702.103127104946,27887.5,10522.12,17149.47,21531.98142857143,5916.287710694456,29623.52,14973.530999999999,6881.648030363754,29623.52,85.0
2010-10-08,2010,4,10,40,4,8,281,18723.64,1,9699.178958333334,8698.96,3767.045000000002,20382.169523809524,20279.9,5621.759999999998,16012.464999999998,18559.0,8493.822500000002,17048.520327868853,6702.103127104946,21883.63,15625.45,6869.32,21634.477142857144,6049.459687635233,29623.52,15355.381000000001,7310.980039036397,29623.52,47.0
2010-10-11,2010,4,10,41,0,11,284,21780.91,1,11487.295319148936,11753.04,6541.135000000001,20382.169523809524,20279.9,5621.759999999998,16012.464999999998,18559.0,8493.822500000002,17048.520327868853,6702.103127104946,20970.38,24993.63,0.0,21183.05,6144.918843277479,29623.52,15750.525,7155.201191845307,29623.52,65.0
2010-10-12,2010,4,10,41,1,12,285,25797.66,1,13140.664166666667,11548.115,5785.575000000001,20382.169523809524,20279.9,5621.759999999998,16012.464999999998,18559.0,8493.822500000002,17048.520327868853,6702.103127104946,13352.41,14084.37,9793.5,21298.84,6147.879340672411,29623.52,16476.555333333334,6584.158425270481,29623.52,80.0
2010-10-13,2010,4,10,41,2,13,286,18715.72,1,12369.126041666668,11869.78,5797.93,20382.169523809524,20279.9,5621.759999999998,16012.464999999998,18559.0,8493.822500000002,17048.520327868853,6702.103127104946,21541.13,24462.260000000002,6616.9400000000005,23076.73285714286,5192.074615731535,29623.52,17010.027333333335,6671.775639362633,29623.52,63.0
2010-10-14,2010,4,10,41,3,14,287,22431.46,1,15114.165416666669,14577.54,5030.915000000001,20382.169523809524,20279.9,5621.759999999998,16012.464999999998,18559.0,8493.822500000002,17048.520327868853,6702.103127104946,29623.52,14955.41,13819.06,22673.102857142858,5435.46639610228,29623.52,17413.32,6381.219452108315,29623.52,70.0
2010-10-15,2010,4,10,41,4,15,288,20786.79,1,9699.178958333334,8698.96,3767.045000000002,20382.169523809524,20279.9,5621.759999999998,16012.464999999998,18559.0,8493.822500000002,17048.520327868853,6702.103127104946,15465.300000000001,24234.18,8408.88,21645.665714285715,4502.341481421476,28604.97,17700.4,6407.617948658108,29623.52,66.0
2010-10-18,2010,4,10,42,0,18,291,22517.56,1,11487.295319148936,11753.04,6541.135000000001,20382.169523809524,20279.9,5621.759999999998,16012.464999999998,18559.0,8493.822500000002,17048.520327868853,6702.103127104946,28604.97,27887.5,10080.03,22405.87857142857,3654.261323101325,28604.97,18112.997,6183.280672276877,29623.52,78.0
2010-10-19,2010,4,10,42,1,19,292,18688.7,1,13140.664166666667,11548.115,5785.575000000001,20382.169523809524,20279.9,5621.759999999998,16012.464999999998,18559.0,8493.822500000002,17048.520327868853,6702.103127104946,18723.64,21883.63,9730.92,21536.24857142857,2463.4562017784892,25797.66,18527.58133333333,6041.44036150477,29623.52,56.0
2010-10-20,2010,4,10,42,2,20,293,25962.94,1,12369.126041666668,11869.78,5797.93,20382.169523809524,20279.9,5621.759999999998,16012.464999999998,18559.0,8493.822500000002,17048.520327868853,6702.103127104946,21780.91,20970.38,9959.86,21531.257142857146,2470.1312461264934,25797.66,18826.174000000003,5808.557981178678,29623.52,78.0
2010-10-21,2010,4,10,42,3,21,294,20279.9,1,15114.165416666669,14577.54,5030.915000000001,20382.169523809524,20279.9,5621.759999999998,16012.464999999998,18559.0,8493.822500000002,17048.520327868853,6702.103127104946,25797.66,13352.41,12300.130000000001,22128.690000000002,2991.328982916003,25962.94,19359.609999999997,5700.04934887894,29623.52,65.0
2010-10-22,2010,4,10,42,4,22,295,16809.7,1,9699.178958333334,8698.96,3767.045000000002,20382.169523809524,20279.9,5621.759999999998,16012.464999999998,18559.0,8493.822500000002,17048.520327868853,6702.103127104946,18715.72,21541.13,10148.37,21340.43857142857,2559.1533725331037,25962.94,19625.602333333332,5543.291792421621,29623.52,57.0
2010-10-25,2010,4,10,43,0,25,298,16383.22,1,11487.295319148936,11753.04,6541.135000000001,20382.169523809524,20279.9,5621.759999999998,16012.464999999998,18559.0,8493.822500000002,17048.520327868853,6702.103127104946,22431.46,29623.52,14493.800000000001,21068.149999999998,2955.645808318931,25962.94,19847.646666666667,5277.625823501702,29623.52,57.0
2010-10-26,2010,4,10,43,1,26,299,21755.34,1,13140.664166666667,11548.115,5785.575000000001,20382.169523809524,20279.9,5621.759999999998,16012.464999999998,18559.0,8493.822500000002,17048.520327868853,6702.103127104946,20786.79,15465.300000000001,11937.17,20204.115714285716,3348.6096887606686,25962.94,19910.627333333334,5222.518472660711,29623.52,66.0
2010-10-27,2010,4,10,43,2,27,300,16482.420000000002,1,12369.126041666668,11869.78,5797.93,20382.169523809524,20279.9,5621.759999999998,16012.464999999998,18559.0,8493.822500000002,17048.520327868853,6702.103127104946,22517.56,28604.97,11750.87,20342.48,3396.3680556932063,25962.94,20237.899666666668,5008.888665687398,29623.52,53.0
2010-10-28,2010,4,10,43,3,28,301,12346.210000000001,1,15114.165416666669,14577.54,5030.915000000001,20382.169523809524,20279.9,5621.759999999998,16012.464999999998,18559.0,8493.822500000002,17048.520327868853,6702.103127104946,18688.7,18723.64,16546.32,19480.317142857144,3516.098985854025,25962.94,20395.618000000002,4802.684978491045,29623.52,47.0
2010-10-29,2010,4,10,43,4,29,302,19976.06,1,9699.178958333334,8698.96,3767.045000000002,20382.169523809524,20279.9,5621.759999999998,16012.464999999998,18559.0,8493.822500000002,17048.520327868853,6702.103127104946,25962.94,21780.91,10522.12,18574.24714285714,4447.842165600118,25962.94,20255.614333333335,4976.827511624243,29623.52,49.0
2010-11-01,2010,4,11,44,0,1,305,14076.99,1,11487.295319148936,11753.04,6541.135000000001,,,,16012.464999999998,18559.0,8493.822500000002,17048.520327868853,6702.103127104946,,,,,,,,,,0.0
2010-11-02,2010,4,11,44,1,2,306,24262.59,1,13140.664166666667,11548.115,5785.575000000001,,,,16012.464999999998,18559.0,8493.822500000002,17048.520327868853,6702.103127104946,,,,,,,,,,0.0
2010-11-03,2010,4,11,44,2,3,307,17407.79,1,12369.126041666668,11869.78,5797.93,,,,16012.464999999998,18559.0,8493.822500000002,17048.520327868853,6702.103127104946,,,,,,,,,,0.0
2010-11-04,2010,4,11,44,3,4,308,34309.17,1,15114.165416666669,14577.54,5030.915000000001,,,,16012.464999999998,18559.0,8493.822500000002,17048.520327868853,6702.103127104946,,,,,,,,,,0.0
2010-11-05,2010,4,11,44,4,5,309,15652.960000000001,1,9699.178958333334,8698.96,3767.045000000002,,,,16012.464999999998,18559.0,8493.822500000002,17048.520327868853,6702.103127104946,,,,,,,,,,0.0
2010-11-08,2010,4,11,45,0,8,312,18301.82,1,11487.295319148936,11753.04,6541.135000000001,,,,16012.464999999998,18559.0,8493.822500000002,17048.520327868853,6702.103127104946,,,,,,,,,,0.0
2010-11-09,2010,4,11,45,1,9,313,27444.53,1,13140.664166666667,11548.115,5785.575000000001,,,,16012.464999999998,18559.0,8493.822500000002,17048.520327868853,6702.103127104946,,,,,,,,,,0.0
2010-11-10,2010,4,11,45,2,10,314,26936.24,1,12369.126041666668,11869.78,5797.93,,,,16012.464999999998,18559.0,8493.822500000002,17048.520327868853,6702.103127104946,,,,,,,,,,0.0
2010-11-11,2010,4,11,45,3,11,315,31226.22,1,15114.165416666669,14577.54,5030.915000000001,,,,16012.464999999998,18559.0,8493.822500000002,17048.520327868853,6702.103127104946,,,,,,,,,,0.0
2010-11-12,2010,4,11,45,4,12,316,17154.79,1,9699.178958333334,8698.96,3767.045000000002,,,,16012.464999999998,18559.0,8493.822500000002,17048.520327868853,6702.103127104946,,,,,,,,,,0.0
2010-11-15,2010,4,11,46,0,15,319,20684.37,1,11487.295319148936,11753.04,6541.135000000001,,,,16012.464999999998,18559.0,8493.822500000002,17048.520327868853,6702.103127104946,,,,,,,,,,0.0
2010-11-16,2010,4,11,46,1,16,320,24759.33,1,13140.664166666667,11548.115,5785.575000000001,,,,16012.464999999998,18559.0,8493.822500000002,17048.520327868853,6702.103127104946,,,,,,,,,,0.0
2010-11-17,2010,4,11,46,2,17,321,26855.260000000002,1,12369.126041666668,11869.78,5797.93,,,,16012.464999999998,18559.0,8493.822500000002,17048.520327868853,6702.103127104946,,,,,,,,,,0.0
2010-11-18,2010,4,11,46,3,18,322,22580.23,1,15114.165416666669,14577.54,5030.915000000001,,,,16012.464999999998,18559.0,8493.822500000002,17048.520327868853,6702.103127104946,,,,,,,,,,0.0
2010-11-19,2010,4,11,46,4,19,323,19532.61,1,9699.178958333334,8698.96,3767.045000000002,,,,16012.464999999998,18559.0,8493.822500000002,17048.520327868853,6702.103127104946,,,,,,,,,,0.0
2010-11-22,2010,4,11,47,0,22,326,19883.03,1,11487.295319148936,11753.04,6541.135000000001,,,,16012.464999999998,18559.0,8493.822500000002,17048.520327868853,6702.103127104946,,,,,,,,,,0.0
2010-11-23,2010,4,11,47,1,23,327,32163.72,1,13140.664166666667,11548.115,5785.575000000001,,,,16012.464999999998,18559.0,8493.822500000002,17048.520327868853,6702.103127104946,,,,,,,,,,0.0
2010-11-24,2010,4,11,47,2,24,328,24197.53,1,12369.126041666668,11869.78,5797.93,,,,16012.464999999998,18559.0,8493.822500000002,17048.520327868853,6702.103127104946,,,,,,,,,,0.0
2010-11-25,2010,4,11,47,3,25,329,35676.97,1,15114.165416666669,14577.54,5030.915000000001,,,,16012.464999999998,18559.0,8493.822500000002,17048.520327868853,6702.103127104946,,,,,,,,,,0.0
2010-11-26,2010,4,11,47,4,26,330,15382.75,1,9699.178958333334,8698.96,3767.045000000002,,,,16012.464999999998,18559.0,8493.822500000002,17048.520327868853,6702.103127104946,,,,,,,,,,0.0
2010-11-29,2010,4,11,48,0,29,333,24654.71,1,11487.295319148936,11753.04,6541.135000000001,,,,16012.464999999998,18559.0,8493.822500000002,17048.520327868853,6702.103127104946,,,,,,,,,,0.0
2010-11-30,2010,4,11,48,1,30,334,27966.47,1,13140.664166666667,11548.115,5785.575000000001,,,,16012.464999999998,18559.0,8493.822500000002,17048.520327868853,6702.103127104946,,,,,,,,,,0.0
2010-12-01,2010,4,12,48,2,1,335,20859.8,1,12369.126041666668,11869.78,5797.93,12022.734782608697,16452.29,18943.795000000002,16012.464999999998,18559.0,8493.822500000002,17048.520327868853,6702.103127104946,,,,,,,,,,0.0
2010-12-02,2010,4,12,48,3,2,336,24825.27,1,15114.165416666669,14577.54,5030.915000000001,12022.734782608697,16452.29,18943.795000000002,16012.464999999998,18559.0,8493.822500000002,17048.520327868853,6702.103127104946,,,,,,,,,,0.0
2010-12-03,2010,4,12,48,4,3,337,10261.47,1,9699.178958333334,8698.96,3767.045000000002,12022.734782608697,16452.29,18943.795000000002,16012.464999999998,18559.0,8493.822500000002,17048.520327868853,6702.103127104946,,,,,,,,,,0.0
2010-12-06,2010,4,12,49,0,6,340,20256.63,1,11487.295319148936,11753.04,6541.135000000001,12022.734782608697,16452.29,18943.795000000002,16012.464999999998,18559.0,8493.822500000002,17048.520327868853,6702.103127104946,,,,,,,,,,0.0
2010-12-07,2010,4,12,49,1,7,341,14893.87,1,13140.664166666667,11548.115,5785.575000000001,12022.734782608697,16452.29,18943.795000000002,16012.464999999998,18559.0,8493.822500000002,17048.520327868853,6702.103127104946,,,,,,,,,,0.0
2010-12-08,2010,4,12,49,2,8,342,22466.41,1,12369.126041666668,11869.78,5797.93,12022.734782608697,16452.29,18943.795000000002,16012.464999999998,18559.0,8493.822500000002,17048.520327868853,6702.103127104946,,,,,,,,,,0.0
2010-12-09,2010,4,12,49,3,9,343,17660.08,1,15114.165416666669,14577.54,5030.915000000001,12022.734782608697,16452.29,18943.795000000002,16012.464999999998,18559.0,8493.822500000002,17048.520327868853,6702.103127104946,,,,,,,,,,0.0
