Date,Year,Quarter,Month,Week,Weekday,Day,DayOfYear,Revenue,PreChristmas,WeekdayRevenue_mean,WeekdayRevenue_median,WeekdayRevenue_IQR,MonthRevenue_mean,MonthRevenue_median,MonthRevenue_IQR,QuarterRevenue_mean,QuarterRevenue_median,QuarterRevenue_IQR,PreChristmasRevenue_mean,PreChristmasRevenue_std,RevenueLag_7d,RevenueLag_14d,RevenueLag_30d,RollingMean_7d,RollingStd_7d,RollingMax_7d,RollingMean_30d,RollingStd_30d,RollingMax_30d,UniqueProducts
2009-12-01,2009,4,12,49,1,1,335,557.08,1,337.30083333333334,0.0,594.175,154.31,0.0,0.0,410.8062903225806,0.0,419.9625,436.5861176470588,913.7953315692979,,,,,0.0,,,0.0,,26.0
2009-12-02,2009,4,12,49,2,2,336,0.0,1,337.73,0.0,347.0575,154.31,0.0,0.0,410.8062903225806,0.0,419.9625,436.5861176470588,913.7953315692979,,,,557.08,0.0,557.08,557.08,0.0,557.08,0.0
2009-12-03,2009,4,12,49,3,3,337,0.0,1,417.13562499999995,0.0,618.7750000000001,154.31,0.0,0.0,410.8062903225806,0.0,419.9625,436.5861176470588,913.7953315692979,,,,278.54,393.91504566340194,557.08,278.54,393.91504566340194,557.08,0.0
2009-12-04,2009,4,12,49,4,4,338,0.0,1,179.588125,0.0,30.65,154.31,0.0,0.0,410.8062903225806,0.0,419.9625,436.5861176470588,913.7953315692979,,,,185.69333333333336,321.63028796015675,557.08,185.69333333333336,321.63028796015675,557.08,0.0
2009-12-05,2009,4,12,49,5,5,339,0.0,1,0.0,0.0,0.0,154.31,0.0,0.0,410.8062903225806,0.0,419.9625,436.5861176470588,913.7953315692979,,,,139.27,278.54,557.08,139.27,278.54,557.08,0.0
2009-12-06,2009,4,12,49,6,6,340,0.0,1,246.6620833333333,0.0,0.0,154.31,0.0,0.0,410.8062903225806,0.0,419.9625,436.5861176470588,913.7953315692979,,,,111.41600000000001,249.1337497811166,557.08,111.41600000000001,249.1337497811166,557.08,0.0
2009-12-07,2009,4,12,50,0,7,341,1257.7,1,333.14276595744684,0.0,445.495,154.31,0.0,0.0,410.8062903225806,0.0,419.9625,436.5861176470588,913.7953315692979,,,,92.84666666666668,227.42695765160883,557.08,92.84666666666668,227.42695765160883,557.08,45.0
2009-12-08,2009,4,12,50,1,8,342,426.15,1,337.30083333333334,0.0,594.175,154.31,0.0,0.0,410.8062903225806,0.0,419.9625,436.5861176470588,913.7953315692979,557.08,,,259.25428571428574,486.76789879288276,1257.7,259.25428571428574,486.76789879288276,1257.7,12.0
2009-12-09,2009,4,12,50,2,9,343,0.0,1,337.73,0.0,347.0575,154.31,0.0,0.0,410.8062903225806,0.0,419.9625,436.5861176470588,913.7953315692979,0.0,,,240.54999999999998,475.80860910664495,1257.7,280.11625,454.5060632610653,1257.7,0.0
2009-12-10,2009,4,12,50,3,10,344,263.34000000000003,1,417.13562499999995,0.0,618.7750000000001,154.31,0.0,0.0,410.8062903225806,0.0,419.9625,436.5861176470588,913.7953315692979,0.0,,,240.54999999999998,475.80860910664495,1257.7,248.9922222222222,435.2839731651563,1257.7,13.0
2009-12-11,2009,4,12,50,4,11,345,0.0,1,179.588125,0.0,30.65,154.31,0.0,0.0,410.8062903225806,0.0,419.9625,436.5861176470588,913.7953315692979,0.0,,,278.17,463.88059271756566,1257.7,250.427,410.414745675369,1257.7,0.0
2009-12-12,2009,4,12,50,5,12,346,0.0,1,0.0,0.0,0.0,154.31,0.0,0.0,410.8062903225806,0.0,419.9625,436.5861176470588,913.7953315692979,0.0,,,278.17,463.88059271756566,1257.7,227.6609090909091,396.60746459073476,1257.7,0.0
2009-12-13,2009,4,12,50,6,13,347,0.0,1,246.6620833333333,0.0,0.0,154.31,0.0,0.0,410.8062903225806,0.0,419.9625,436.5861176470588,913.7953315692979,0.0,,,278.17,463.88059271756566,1257.7,208.68916666666667,383.81875162535044,1257.7,0.0
2009-12-14,2009,4,12,51,0,14,348,0.0,1,333.14276595744684,0.0,445.495,154.31,0.0,0.0,410.8062903225806,0.0,419.9625,436.5861176470588,913.7953315692979,1257.7,,,278.17,463.88059271756566,1257.7,192.63615384615383,372.00876485056244,1257.7,0.0
2009-12-15,2009,4,12,51,1,15,349,1076.79,1,337.30083333333334,0.0,594.175,154.31,0.0,0.0,410.8062903225806,0.0,419.9625,436.5861176470588,913.7953315692979,426.15,557.08,,98.4985714285714,174.66062239178507,426.15,178.87642857142856,361.1034712912235,1257.7,44.0
2009-12-16,2009,4,12,51,2,16,350,0.0,1,337.73,0.0,347.0575,154.31,0.0,0.0,410.8062903225806,0.0,419.9625,436.5861176470588,913.7953315692979,0.0,0.0,,191.4471428571428,402.54618785568306,1076.79,238.73733333333334,418.1287552633701,1257.7,0.0
2009-12-17,2009,4,12,51,3,17,351,0.0,1,417.13562499999995,0.0,618.7750000000001,154.31,0.0,0.0,410.8062903225806,0.0,419.9625,436.5861176470588,913.7953315692979,263.34000000000003,0.0,,191.4471428571428,402.54618785568306,1076.79,223.81625,408.3361750955537,1257.7,0.0
2009-12-18,2009,4,12,51,4,18,352,1202.55,1,179.588125,0.0,30.65,154.31,0.0,0.0,410.8062903225806,0.0,419.9625,436.5861176470588,913.7953315692979,0.0,0.0,,153.82714285714277,406.9883648916058,1076.79,210.65058823529412,399.0789006492104,1257.7,51.0
2009-12-19,2009,4,12,51,5,19,353,0.0,1,0.0,0.0,0.0,154.31,0.0,0.0,410.8062903225806,0.0,419.9625,436.5861176470588,913.7953315692979,0.0,0.0,,325.6199999999999,557.2857608983026,1202.55,265.75611111111107,452.2771671304183,1257.7,0.0
2009-12-20,2009,4,12,51,6,20,354,0.0,1,246.6620833333333,0.0,0.0,154.31,0.0,0.0,410.8062903225806,0.0,419.9625,436.5861176470588,913.7953315692979,0.0,0.0,,325.6199999999999,557.2857608983026,1202.55,251.76894736842104,443.7427900371357,1257.7,0.0
2009-12-21,2009,4,12,52,0,21,355,0.0,1,333.14276595744684,0.0,445.495,154.31,0.0,0.0,410.8062903225806,0.0,419.9625,436.5861176470588,913.7953315692979,0.0,1257.7,,325.6199999999999,557.2857608983026,1202.55,239.1805,435.56111236541767,1257.7,0.0
2009-12-22,2009,4,12,52,1,22,356,0.0,1,337.30083333333334,0.0,594.175,154.31,0.0,0.0,410.8062903225806,0.0,419.9625,436.5861176470588,913.7953315692979,1076.79,426.15,,325.6199999999999,557.2857608983026,1202.55,227.79095238095238,427.72884654772537,1257.7,0.0
2009-12-23,2009,4,12,52,2,23,357,0.0,1,337.73,0.0,347.0575,154.31,0.0,0.0,410.8062903225806,0.0,419.9625,436.5861176470588,913.7953315692979,0.0,0.0,,171.79285714285706,454.5211770172462,1202.55,217.43681818181815,420.23629765924113,1257.7,0.0
2009-12-24,2009,4,12,52,3,24,358,0.0,1,417.13562499999995,0.0,618.7750000000001,154.31,0.0,0.0,410.8062903225806,0.0,419.9625,436.5861176470588,913.7953315692979,0.0,263.34000000000003,,171.79285714285706,454.5211770172462,1202.55,207.98304347826087,413.07013681846485,1257.7,0.0
2009-12-25,2009,4,12,52,4,25,359,0.0,0,179.588125,0.0,30.65,154.31,0.0,0.0,410.8062903225806,0.0,419.9625,205.72756,482.10484788921104,1202.55,0.0,,171.79285714285706,454.5211770172462,1202.55,199.31708333333333,406.2151501090028,1257.7,0.0
2009-12-26,2009,4,12,52,5,26,360,0.0,0,0.0,0.0,0.0,154.31,0.0,0.0,410.8062903225806,0.0,419.9625,205.72756,482.10484788921104,0.0,0.0,,0.0,0.0,0.0,191.34439999999998,399.6553419205937,1257.7,0.0
2009-12-27,2009,4,12,52,6,27,361,0.0,0,246.6620833333333,0.0,0.0,154.31,0.0,0.0,410.8062903225806,0.0,419.9625,205.72756,482.10484788921104,0.0,0.0,,0.0,0.0,0.0,183.98499999999999,393.37462629152884,1257.7,0.0
2009-12-28,2009,4,12,53,0,28,362,0.0,0,333.14276595744684,0.0,445.495,154.31,0.0,0.0,410.8062903225806,0.0,419.9625,205.72756,482.10484788921104,0.0,0.0,,0.0,0.0,0.0,177.17074074074074,387.3572528133719,1257.7,0.0
2009-12-29,2009,4,12,53,1,29,363,0.0,0,337.30083333333334,0.0,594.175,154.31,0.0,0.0,410.8062903225806,0.0,419.9625,205.72756,482.10484788921104,0.0,1076.79,,0.0,0.0,0.0,170.84321428571428,381.5880604550911,1257.7,0.0
2009-12-30,2009,4,12,53,2,30,364,0.0,0,337.73,0.0,347.0575,154.31,0.0,0.0,410.8062903225806,0.0,419.9625,205.72756,482.10484788921104,0.0,0.0,,0.0,0.0,0.0,164.95206896551724,376.05261953595294,1257.7,0.0
2009-12-31,2009,4,12,53,3,31,365,0.0,0,417.13562499999995,0.0,618.7750000000001,154.31,0.0,0.0,410.8062903225806,0.0,419.9625,205.72756,482.10484788921104,0.0,0.0,557.08,0.0,0.0,0.0,159.45366666666666,370.7373011147058,1257.7,0.0
2010-01-01,2010,1,1,53,4,1,1,0.0,0,179.588125,0.0,30.65,187.178064516129,0.0,0.0,219.51633333333334,0.0,116.2,205.72756,482.10484788921104,0.0,1202.55,0.0,0.0,0.0,0.0,140.88433333333333,364.0250281911124,1257.7,0.0
2010-01-02,2010,1,1,53,5,2,2,0.0,0,0.0,0.0,0.0,187.178064516129,0.0,0.0,219.51633333333334,0.0,116.2,205.72756,482.10484788921104,0.0,0.0,0.0,0.0,0.0,0.0,140.88433333333333,364.0250281911124,1257.7,0.0
2010-01-03,2010,1,1,53,6,3,3,0.0,0,246.6620833333333,0.0,0.0,187.178064516129,0.0,0.0,219.51633333333334,0.0,116.2,205.72756,482.10484788921104,0.0,0.0,0.0,0.0,0.0,0.0,140.88433333333333,364.0250281911124,1257.7,0.0
2010-01-04,2010,1,1,1,0,4,4,0.0,0,333.14276595744684,0.0,445.495,187.178064516129,0.0,0.0,219.51633333333334,0.0,116.2,205.72756,482.10484788921104,0.0,0.0,0.0,0.0,0.0,0.0,140.88433333333333,364.0250281911124,1257.7,0.0
2010-01-05,2010,1,1,1,1,5,5,0.0,0,337.30083333333334,0.0,594.175,187.178064516129,0.0,0.0,219.51633333333334,0.0,116.2,205.72756,482.10484788921104,0.0,0.0,0.0,0.0,0.0,0.0,140.88433333333333,364.0250281911124,1257.7,0.0
2010-01-06,2010,1,1,1,2,6,6,0.0,0,337.73,0.0,347.0575,187.178064516129,0.0,0.0,219.51633333333334,0.0,116.2,205.72756,482.10484788921104,0.0,0.0,1257.7,0.0,0.0,0.0,140.88433333333333,364.0250281911124,1257.7,0.0
2010-01-07,2010,1,1,1,3,7,7,1462.2,0,417.13562499999995,0.0,618.7750000000001,187.178064516129,0.0,0.0,219.51633333333334,0.0,116.2,205.72756,482.10484788921104,0.0,0.0,426.15,0.0,0.0,0.0,98.961,297.2724629179607,1202.55,44.0
2010-01-08,2010,1,1,1,4,8,8,0.0,0,179.588125,0.0,30.65,187.178064516129,0.0,0.0,219.51633333333334,0.0,116.2,205.72756,482.10484788921104,0.0,0.0,0.0,208.88571428571422,552.6596524340921,1462.2,133.49599999999998,384.09519930386506,1462.2,0.0
2010-01-09,2010,1,1,1,5,9,9,0.0,0,0.0,0.0,0.0,187.178064516129,0.0,0.0,219.51633333333334,0.0,116.2,205.72756,482.10484788921104,0.0,0.0,263.34000000000003,208.88571428571422,552.6596524340921,1462.2,133.49599999999998,384.09519930386506,1462.2,0.0
2010-01-10,2010,1,1,1,6,10,10,0.0,0,246.6620833333333,0.0,0.0,187.178064516129,0.0,0.0,219.51633333333334,0.0,116.2,205.72756,482.10484788921104,0.0,0.0,0.0,208.88571428571422,552.6596524340921,1462.2,124.718,384.0346006717408,1462.2,0.0
2010-01-11,2010,1,1,2,0,11,11,0.0,0,333.14276595744684,0.0,445.495,187.178064516129,0.0,0.0,219.51633333333334,0.0,116.2,205.72756,482.10484788921104,0.0,0.0,0.0,208.88571428571422,552.6596524340921,1462.2,124.718,384.0346006717408,1462.2,0.0
2010-01-12,2010,1,1,2,1,12,12,0.0,0,337.30083333333334,0.0,594.175,187.178064516129,0.0,0.0,219.51633333333334,0.0,116.2,205.72756,482.10484788921104,0.0,0.0,0.0,208.88571428571422,552.6596524340921,1462.2,124.718,384.0346006717408,1462.2,0.0
2010-01-13,2010,1,1,2,2,13,13,0.0,0,337.73,0.0,347.0575,187.178064516129,0.0,0.0,219.51633333333334,0.0,116.2,205.72756,482.10484788921104,0.0,0.0,0.0,208.88571428571422,552.6596524340921,1462.2,124.718,384.0346006717408,1462.2,0.0
2010-01-14,2010,1,1,2,3,14,14,0.0,0,417.13562499999995,0.0,618.7750000000001,187.178064516129,0.0,0.0,219.51633333333334,0.0,116.2,205.72756,482.10484788921104,1462.2,0.0,1076.79,208.88571428571422,552.6596524340921,1462.2,124.718,384.0346006717408,1462.2,0.0
2010-01-15,2010,1,1,2,4,15,15,0.0,0,179.588125,0.0,30.65,187.178064516129,0.0,0.0,219.51633333333334,0.0,116.2,205.72756,482.10484788921104,0.0,0.0,0.0,0.0,0.0,0.0,88.825,339.74934593070935,1462.2,0.0
2010-01-16,2010,1,1,2,5,16,16,0.0,0,0.0,0.0,0.0,187.178064516129,0.0,0.0,219.51633333333334,0.0,116.2,205.72756,482.10484788921104,0.0,0.0,0.0,0.0,0.0,0.0,88.825,339.74934593070935,1462.2,0.0
2010-01-17,2010,1,1,2,6,17,17,0.0,0,246.6620833333333,0.0,0.0,187.178064516129,0.0,0.0,219.51633333333334,0.0,116.2,205.72756,482.10484788921104,0.0,0.0,1202.55,0.0,0.0,0.0,88.825,339.74934593070935,1462.2,0.0
2010-01-18,2010,1,1,3,0,18,18,0.0,0,333.14276595744684,0.0,445.495,187.178064516129,0.0,0.0,219.51633333333334,0.0,116.2,205.72756,482.10484788921104,0.0,0.0,0.0,0.0,0.0,0.0,48.739999999999995,266.95997452801794,1462.2,0.0
2010-01-19,2010,1,1,3,1,19,19,0.0,0,337.30083333333334,0.0,594.175,187.178064516129,0.0,0.0,219.51633333333334,0.0,116.2,205.72756,482.10484788921104,0.0,0.0,0.0,0.0,0.0,0.0,48.739999999999995,266.95997452801794,1462.2,0.0
2010-01-20,2010,1,1,3,2,20,20,0.0,0,337.73,0.0,347.0575,187.178064516129,0.0,0.0,219.51633333333334,0.0,116.2,205.72756,482.10484788921104,0.0,0.0,0.0,0.0,0.0,0.0,48.739999999999995,266.95997452801794,1462.2,0.0
2010-01-21,2010,1,1,3,3,21,21,2296.23,0,417.13562499999995,0.0,618.7750000000001,187.178064516129,0.0,0.0,219.51633333333334,0.0,116.2,205.72756,482.10484788921104,0.0,1462.2,0.0,0.0,0.0,0.0,48.739999999999995,266.95997452801794,1462.2,58.0
2010-01-22,2010,1,1,3,4,22,22,124.5,0,179.588125,0.0,30.65,187.178064516129,0.0,0.0,219.51633333333334,0.0,116.2,205.72756,482.10484788921104,0.0,0.0,0.0,328.0328571428571,867.8933618579779,2296.23,125.28099999999999,489.1879683886419,2296.23,8.0
2010-01-23,2010,1,1,3,5,23,23,0.0,0,0.0,0.0,0.0,187.178064516129,0.0,0.0,219.51633333333334,0.0,116.2,205.72756,482.10484788921104,0.0,0.0,0.0,345.8185714285714,861.3012512554975,2296.23,129.43099999999998,488.6162654169425,2296.23,0.0
2010-01-24,2010,1,1,3,6,24,24,0.0,0,246.6620833333333,0.0,0.0,187.178064516129,0.0,0.0,219.51633333333334,0.0,116.2,205.72756,482.10484788921104,0.0,0.0,0.0,345.8185714285714,861.3012512554975,2296.23,129.43099999999998,488.6162654169425,2296.23,0.0
2010-01-25,2010,1,1,4,0,25,25,485.45000000000005,0,333.14276595744684,0.0,445.495,187.178064516129,0.0,0.0,219.51633333333334,0.0,116.2,205.72756,482.10484788921104,0.0,0.0,0.0,345.8185714285714,861.3012512554975,2296.23,129.43099999999998,488.6162654169425,2296.23,16.0
2010-01-26,2010,1,1,4,1,26,26,0.0,0,337.30083333333334,0.0,594.175,187.178064516129,0.0,0.0,219.51633333333334,0.0,116.2,205.72756,482.10484788921104,0.0,0.0,0.0,415.16857142857134,848.2609235455125,2296.23,145.61266666666668,492.207257459794,2296.23,0.0
2010-01-27,2010,1,1,4,2,27,27,0.0,0,337.73,0.0,347.0575,187.178064516129,0.0,0.0,219.51633333333334,0.0,116.2,205.72756,482.10484788921104,0.0,0.0,0.0,415.16857142857134,848.2609235455125,2296.23,145.61266666666668,492.207257459794,2296.23,0.0
2010-01-28,2010,1,1,4,3,28,28,880.92,0,417.13562499999995,0.0,618.7750000000001,187.178064516129,0.0,0.0,219.51633333333334,0.0,116.2,205.72756,482.10484788921104,2296.23,0.0,0.0,415.16857142857134,848.2609235455125,2296.23,145.61266666666668,492.207257459794,2296.23,54.0
2010-01-29,2010,1,1,4,4,29,29,0.0,0,179.588125,0.0,30.65,187.178064516129,0.0,0.0,219.51633333333334,0.0,116.2,205.72756,482.10484788921104,124.5,0.0,0.0,212.9814285714285,343.91238624726157,880.92,174.97666666666666,509.20418082996196,2296.23,0.0
2010-01-30,2010,1,1,4,5,30,30,0.0,0,0.0,0.0,0.0,187.178064516129,0.0,0.0,219.51633333333334,0.0,116.2,205.72756,482.10484788921104,0.0,0.0,0.0,195.19571428571422,352.3663294478792,880.92,174.97666666666666,509.20418082996196,2296.23,0.0
2010-01-31,2010,1,1,4,6,31,31,553.22,0,246.6620833333333,0.0,0.0,187.178064516129,0.0,0.0,219.51633333333334,0.0,116.2,205.72756,482.10484788921104,0.0,0.0,0.0,195.19571428571422,352.3663294478792,880.92,174.97666666666666,509.20418082996196,2296.23,18.0
2010-02-01,2010,1,2,5,0,1,32,0.0,0,333.14276595744684,0.0,445.495,199.99535714285713,0.0,22.825,219.51633333333334,0.0,116.2,205.72756,482.10484788921104,485.45000000000005,0.0,0.0,274.22714285714284,363.16443386406854,880.92,193.41733333333332,512.6546015824671,2296.23,0.0
2010-02-02,2010,1,2,5,1,2,33,580.3,0,337.30083333333334,0.0,594.175,199.99535714285713,0.0,22.825,219.51633333333334,0.0,116.2,205.72756,482.10484788921104,0.0,0.0,0.0,204.8771428571428,362.4568730996044,880.92,193.41733333333332,512.6546015824671,2296.23,39.0
2010-02-03,2010,1,2,5,2,3,34,0.0,0,337.73,0.0,347.0575,199.99535714285713,0.0,22.825,219.51633333333334,0.0,116.2,205.72756,482.10484788921104,0.0,0.0,0.0,287.7771428571428,373.96762719582574,880.92,212.76066666666665,516.0416473364791,2296.23,0.0
2010-02-04,2010,1,2,5,3,4,35,0.0,0,417.13562499999995,0.0,618.7750000000001,199.99535714285713,0.0,22.825,219.51633333333334,0.0,116.2,205.72756,482.10484788921104,880.92,2296.23,0.0,287.7771428571428,373.96762719582574,880.92,212.76066666666665,516.0416473364791,2296.23,0.0
2010-02-05,2010,1,2,5,4,5,36,0.0,0,179.588125,0.0,30.65,199.99535714285713,0.0,22.825,219.51633333333334,0.0,116.2,205.72756,482.10484788921104,0.0,124.5,0.0,161.9314285714285,276.66102769927494,580.3,212.76066666666665,516.0416473364791,2296.23,0.0
2010-02-06,2010,1,2,5,5,6,37,0.0,0,0.0,0.0,0.0,199.99535714285713,0.0,22.825,219.51633333333334,0.0,116.2,205.72756,482.10484788921104,0.0,0.0,1462.2,161.9314285714285,276.66102769927494,580.3,212.76066666666665,516.0416473364791,2296.23,0.0
2010-02-07,2010,1,2,5,6,7,38,0.0,0,246.6620833333333,0.0,0.0,199.99535714285713,0.0,22.825,219.51633333333334,0.0,116.2,205.72756,482.10484788921104,553.22,0.0,0.0,161.9314285714285,276.66102769927494,580.3,164.02066666666667,459.96893813367006,2296.23,0.0
2010-02-08,2010,1,2,6,0,8,39,236.55,0,333.14276595744684,0.0,445.495,199.99535714285713,0.0,22.825,219.51633333333334,0.0,116.2,205.72756,482.10484788921104,0.0,485.45000000000005,0.0,82.89999999999993,219.33278368725436,580.3,164.02066666666667,459.96893813367006,2296.23,16.0
2010-02-09,2010,1,2,6,1,9,40,0.0,0,337.30083333333334,0.0,594.175,199.99535714285713,0.0,22.825,219.51633333333334,0.0,116.2,205.72756,482.10484788921104,580.3,0.0,0.0,116.69285714285706,222.62952489987208,580.3,171.90566666666666,459.0869433747015,2296.23,0.0
2010-02-10,2010,1,2,6,2,10,41,0.0,0,337.73,0.0,347.0575,199.99535714285713,0.0,22.825,219.51633333333334,0.0,116.2,205.72756,482.10484788921104,0.0,0.0,0.0,33.79285714285708,89.40749609033229,236.55,171.90566666666666,459.0869433747015,2296.23,0.0
2010-02-11,2010,1,2,6,3,11,42,0.0,0,417.13562499999995,0.0,618.7750000000001,199.99535714285713,0.0,22.825,219.51633333333334,0.0,116.2,205.72756,482.10484788921104,0.0,880.92,0.0,33.79285714285708,89.40749609033229,236.55,171.90566666666666,459.0869433747015,2296.23,0.0
2010-02-12,2010,1,2,6,4,12,43,0.0,0,179.588125,0.0,30.65,199.99535714285713,0.0,22.825,219.51633333333334,0.0,116.2,205.72756,482.10484788921104,0.0,0.0,0.0,33.79285714285708,89.40749609033229,236.55,171.90566666666666,459.0869433747015,2296.23,0.0
2010-02-13,2010,1,2,6,5,13,44,0.0,0,0.0,0.0,0.0,199.99535714285713,0.0,22.825,219.51633333333334,0.0,116.2,205.72756,482.10484788921104,0.0,0.0,0.0,33.79285714285708,89.40749609033229,236.55,171.90566666666666,459.0869433747015,2296.23,0.0
2010-02-14,2010,1,2,6,6,14,45,0.0,0,246.6620833333333,0.0,0.0,199.99535714285713,0.0,22.825,219.51633333333334,0.0,116.2,205.72756,482.10484788921104,0.0,553.22,0.0,33.79285714285708,89.40749609033229,236.55,171.90566666666666,459.0869433747015,2296.23,0.0
2010-02-15,2010,1,2,7,0,15,46,91.3,0,333.14276595744684,0.0,445.495,199.99535714285713,0.0,22.825,219.51633333333334,0.0,116.2,205.72756,482.10484788921104,236.55,0.0,0.0,33.79285714285708,89.40749609033229,236.55,171.90566666666666,459.0869433747015,2296.23,7.0
2010-02-16,2010,1,2,7,1,16,47,394.6,0,337.30083333333334,0.0,594.175,199.99535714285713,0.0,22.825,219.51633333333334,0.0,116.2,205.72756,482.10484788921104,0.0,580.3,0.0,13.042857142857077,34.508156385742446,91.3,174.949,458.20984820125875,2296.23,46.0
2010-02-17,2010,1,2,7,2,17,48,1557.9,0,337.73,0.0,347.0575,199.99535714285713,0.0,22.825,219.51633333333334,0.0,116.2,205.72756,482.10484788921104,0.0,0.0,0.0,69.41428571428565,147.37505927136417,394.6,188.10233333333332,458.67804005892714,2296.23,50.0
2010-02-18,2010,1,2,7,3,18,49,0.0,0,417.13562499999995,0.0,618.7750000000001,199.99535714285713,0.0,22.825,219.51633333333334,0.0,116.2,205.72756,482.10484788921104,0.0,0.0,0.0,291.97142857142853,576.5365056793477,1557.9,240.03233333333336,520.6508592977362,2296.23,0.0
2010-02-19,2010,1,2,7,4,19,50,0.0,0,179.588125,0.0,30.65,199.99535714285713,0.0,22.825,219.51633333333334,0.0,116.2,205.72756,482.10484788921104,0.0,0.0,0.0,291.97142857142853,576.5365056793477,1557.9,240.03233333333336,520.6508592977362,2296.23,0.0
2010-02-20,2010,1,2,7,5,20,51,0.0,0,0.0,0.0,0.0,199.99535714285713,0.0,22.825,219.51633333333334,0.0,116.2,205.72756,482.10484788921104,0.0,0.0,2296.23,291.97142857142853,576.5365056793477,1557.9,240.03233333333336,520.6508592977362,2296.23,0.0
2010-02-21,2010,1,2,7,6,21,52,930.65,0,246.6620833333333,0.0,0.0,199.99535714285713,0.0,22.825,219.51633333333334,0.0,116.2,205.72756,482.10484788921104,0.0,0.0,124.5,291.97142857142853,576.5365056793477,1557.9,163.49133333333333,348.1553922557879,1557.9,37.0
2010-02-22,2010,1,2,8,0,22,53,0.0,0,333.14276595744684,0.0,445.495,199.99535714285713,0.0,22.825,219.51633333333334,0.0,116.2,205.72756,482.10484788921104,91.3,236.55,0.0,424.9214285714285,604.6071919416929,1557.9,190.36299999999997,375.1093008173152,1557.9,0.0
2010-02-23,2010,1,2,8,1,23,54,0.0,0,337.30083333333334,0.0,594.175,199.99535714285713,0.0,22.825,219.51633333333334,0.0,116.2,205.72756,482.10484788921104,394.6,0.0,0.0,411.8785714285714,613.9168360190321,1557.9,190.36299999999997,375.1093008173152,1557.9,0.0
2010-02-24,2010,1,2,8,2,24,55,1808.57,0,337.73,0.0,347.0575,199.99535714285713,0.0,22.825,219.51633333333334,0.0,116.2,205.72756,482.10484788921104,1557.9,0.0,485.45000000000005,355.5071428571428,633.5698504167815,1557.9,190.36299999999997,375.1093008173152,1557.9,85.0
2010-02-25,2010,1,2,8,3,25,56,0.0,0,417.13562499999995,0.0,618.7750000000001,199.99535714285713,0.0,22.825,219.51633333333334,0.0,116.2,205.72756,482.10484788921104,0.0,0.0,0.0,391.31714285714276,714.7413428813318,1808.57,234.467,475.38243450459663,1808.57,0.0
2010-02-26,2010,1,2,8,4,26,57,0.0,0,179.588125,0.0,30.65,199.99535714285713,0.0,22.825,219.51633333333334,0.0,116.2,205.72756,482.10484788921104,0.0,0.0,0.0,391.31714285714276,714.7413428813318,1808.57,234.467,475.38243450459663,1808.57,0.0
2010-02-27,2010,1,2,8,5,27,58,0.0,0,0.0,0.0,0.0,199.99535714285713,0.0,22.825,219.51633333333334,0.0,116.2,205.72756,482.10484788921104,0.0,0.0,880.92,391.31714285714276,714.7413428813318,1808.57,234.467,475.38243450459663,1808.57,0.0
2010-02-28,2010,1,2,8,6,28,59,0.0,0,246.6620833333333,0.0,0.0,199.99535714285713,0.0,22.825,219.51633333333334,0.0,116.2,205.72756,482.10484788921104,930.65,0.0,0.0,391.31714285714276,714.7413428813318,1808.57,205.103,461.0659041092378,1808.57,0.0
2010-03-01,2010,1,3,9,0,1,60,0.0,0,333.14276595744684,0.0,445.495,269.48645161290324,0.0,562.595,219.51633333333334,0.0,116.2,205.72756,482.10484788921104,0.0,91.3,0.0,258.36714285714277,683.575206950298,1808.57,205.103,461.0659041092378,1808.57,0.0
2010-03-02,2010,1,3,9,1,2,61,0.0,0,337.30083333333334,0.0,594.175,269.48645161290324,0.0,562.595,219.51633333333334,0.0,116.2,205.72756,482.10484788921104,0.0,394.6,553.22,258.36714285714277,683.575206950298,1808.57,205.103,461.0659041092378,1808.57,0.0
2010-03-03,2010,1,3,9,2,3,62,1082.56,0,337.73,0.0,347.0575,269.48645161290324,0.0,562.595,219.51633333333334,0.0,116.2,205.72756,482.10484788921104,1808.57,1557.9,0.0,258.36714285714277,683.575206950298,1808.57,186.6623333333333,457.7136327796003,1808.57,45.0
2010-03-04,2010,1,3,9,3,4,63,533.24,0,417.13562499999995,0.0,618.7750000000001,269.48645161290324,0.0,562.595,219.51633333333334,0.0,116.2,205.72756,482.10484788921104,0.0,0.0,580.3,154.6514285714285,409.169219900869,1082.56,222.74766666666665,484.38644387679665,1808.57,30.0
2010-03-05,2010,1,3,9,4,5,64,0.0,0,179.588125,0.0,30.65,269.48645161290324,0.0,562.595,219.51633333333334,0.0,116.2,205.72756,482.10484788921104,0.0,0.0,0.0,230.82857142857137,424.9133726391993,1082.56,221.17899999999997,483.26349562367494,1808.57,0.0
2010-03-06,2010,1,3,9,5,6,65,0.0,0,0.0,0.0,0.0,269.48645161290324,0.0,562.595,219.51633333333334,0.0,116.2,205.72756,482.10484788921104,0.0,0.0,0.0,230.82857142857137,424.9133726391993,1082.56,221.17899999999997,483.26349562367494,1808.57,0.0
2010-03-07,2010,1,3,9,6,7,66,0.0,0,246.6620833333333,0.0,0.0,269.48645161290324,0.0,562.595,219.51633333333334,0.0,116.2,205.72756,482.10484788921104,0.0,930.65,0.0,230.82857142857137,424.9133726391993,1082.56,221.17899999999997,483.26349562367494,1808.57,0.0
2010-03-08,2010,1,3,10,0,8,67,0.0,0,333.14276595744684,0.0,445.495,269.48645161290324,0.0,562.595,219.51633333333334,0.0,116.2,205.72756,482.10484788921104,0.0,0.0,0.0,230.82857142857137,424.9133726391993,1082.56,221.17899999999997,483.26349562367494,1808.57,0.0
2010-03-09,2010,1,3,10,1,9,68,0.0,0,337.30083333333334,0.0,594.175,269.48645161290324,0.0,562.595,219.51633333333334,0.0,116.2,205.72756,482.10484788921104,0.0,0.0,0.0,230.82857142857137,424.9133726391993,1082.56,221.17899999999997,483.26349562367494,1808.57,0.0
2010-03-10,2010,1,3,10,2,10,69,0.0,0,337.73,0.0,347.0575,269.48645161290324,0.0,562.595,219.51633333333334,0.0,116.2,205.72756,482.10484788921104,1082.56,1808.57,236.55,230.82857142857137,424.9133726391993,1082.56,221.17899999999997,483.26349562367494,1808.57,0.0
2010-03-11,2010,1,3,10,3,11,70,0.0,0,417.13562499999995,0.0,618.7750000000001,269.48645161290324,0.0,562.595,219.51633333333334,0.0,116.2,205.72756,482.10484788921104,533.24,0.0,0.0,76.1771428571428,201.5457755874403,533.24,213.29399999999998,484.9309679105064,1808.57,0.0
2010-03-12,2010,1,3,10,4,12,71,812.21,0,179.588125,0.0,30.65,269.48645161290324,0.0,562.595,219.51633333333334,0.0,116.2,205.72756,482.10484788921104,0.0,0.0,0.0,0.0,0.0,0.0,213.29399999999998,484.9309679105064,1808.57,31.0
2010-03-13,2010,1,3,10,5,13,72,0.0,0,0.0,0.0,0.0,269.48645161290324,0.0,562.595,219.51633333333334,0.0,116.2,205.72756,482.10484788921104,0.0,0.0,0.0,116.02999999999994,306.9865246228245,812.21,240.36766666666665,495.176729417323,1808.57,0.0
2010-03-14,2010,1,3,10,6,14,73,0.0,0,246.6620833333333,0.0,0.0,269.48645161290324,0.0,562.595,219.51633333333334,0.0,116.2,205.72756,482.10484788921104,0.0,0.0,0.0,116.02999999999994,306.9865246228245,812.21,240.36766666666665,495.176729417323,1808.57,0.0
2010-03-15,2010,1,3,11,0,15,74,1250.3700000000001,0,333.14276595744684,0.0,445.495,269.48645161290324,0.0,562.595,219.51633333333334,0.0,116.2,205.72756,482.10484788921104,0.0,0.0,0.0,116.02999999999994,306.9865246228245,812.21,240.36766666666665,495.176729417323,1808.57,62.0
2010-03-16,2010,1,3,11,1,16,75,0.0,0,337.30083333333334,0.0,594.175,269.48645161290324,0.0,562.595,219.51633333333334,0.0,116.2,205.72756,482.10484788921104,0.0,0.0,0.0,294.6542857142857,518.8709191394055,1250.3700000000001,282.0466666666667,525.9150886711218,1808.57,0.0
2010-03-17,2010,1,3,11,2,17,76,236.32,0,337.73,0.0,347.0575,269.48645161290324,0.0,562.595,219.51633333333334,0.0,116.2,205.72756,482.10484788921104,0.0,1082.56,91.3,294.6542857142857,518.8709191394055,1250.3700000000001,282.0466666666667,525.9150886711218,1808.57,15.0
2010-03-18,2010,1,3,11,3,18,77,699.25,0,417.13562499999995,0.0,618.7750000000001,269.48645161290324,0.0,562.595,219.51633333333334,0.0,116.2,205.72756,482.10484788921104,0.0,533.24,394.6,328.41428571428565,503.978465474374,1250.3700000000001,286.8806666666666,524.7665932645072,1808.57,33.0
2010-03-19,2010,1,3,11,4,19,78,857.0600000000001,0,179.588125,0.0,30.65,269.48645161290324,0.0,562.595,219.51633333333334,0.0,116.2,205.72756,482.10484788921104,812.21,0.0,1557.9,428.3071428571428,497.2891287676378,1250.3700000000001,297.03566666666666,529.8461271863443,1808.57,52.0
2010-03-20,2010,1,3,11,5,20,79,0.0,0,0.0,0.0,0.0,269.48645161290324,0.0,562.595,219.51633333333334,0.0,116.2,205.72756,482.10484788921104,0.0,0.0,0.0,434.71428571428567,503.31221489439815,1250.3700000000001,273.6743333333333,485.9702866728073,1808.57,0.0
2010-03-21,2010,1,3,11,6,21,80,0.0,0,246.6620833333333,0.0,0.0,269.48645161290324,0.0,562.595,219.51633333333334,0.0,116.2,205.72756,482.10484788921104,0.0,0.0,0.0,434.71428571428567,503.31221489439815,1250.3700000000001,273.6743333333333,485.9702866728073,1808.57,0.0
2010-03-22,2010,1,3,12,0,22,81,0.0,0,333.14276595744684,0.0,445.495,269.48645161290324,0.0,562.595,219.51633333333334,0.0,116.2,205.72756,482.10484788921104,1250.3700000000001,0.0,0.0,434.71428571428567,503.31221489439815,1250.3700000000001,273.6743333333333,485.9702866728073,1808.57,0.0
2010-03-23,2010,1,3,12,1,23,82,0.0,0,337.30083333333334,0.0,594.175,269.48645161290324,0.0,562.595,219.51633333333334,0.0,116.2,205.72756,482.10484788921104,0.0,0.0,930.65,256.09,369.7465194336971,857.0600000000001,273.6743333333333,485.9702866728073,1808.57,0.0
2010-03-24,2010,1,3,12,2,24,83,299.0,0,337.73,0.0,347.0575,269.48645161290324,0.0,562.595,219.51633333333334,0.0,116.2,205.72756,482.10484788921104,236.32,0.0,0.0,256.09,369.7465194336971,857.0600000000001,242.65266666666665,472.0920704469102,1808.57,15.0
2010-03-25,2010,1,3,12,3,25,84,591.95,0,417.13562499999995,0.0,618.7750000000001,269.48645161290324,0.0,562.595,219.51633333333334,0.0,116.2,205.72756,482.10484788921104,699.25,0.0,0.0,265.04428571428565,369.9468638357471,857.0600000000001,252.6193333333333,469.9439232279214,1808.57,37.0
2010-03-26,2010,1,3,12,4,26,85,780.4,0,179.588125,0.0,30.65,269.48645161290324,0.0,562.595,219.51633333333334,0.0,116.2,205.72756,482.10484788921104,857.0600000000001,812.21,1808.57,249.71571428571426,350.67840927061854,857.0600000000001,272.351,471.3963136832296,1808.57,29.0
2010-03-27,2010,1,3,12,5,27,86,0.0,0,0.0,0.0,0.0,269.48645161290324,0.0,562.595,219.51633333333334,0.0,116.2,205.72756,482.10484788921104,0.0,0.0,0.0,238.76428571428565,329.0823791422214,780.4,238.07866666666666,385.3850397731073,1250.3700000000001,0.0
2010-03-28,2010,1,3,12,6,28,87,0.0,0,246.6620833333333,0.0,0.0,269.48645161290324,0.0,562.595,219.51633333333334,0.0,116.2,205.72756,482.10484788921104,0.0,0.0,0.0,238.76428571428565,329.0823791422214,780.4,238.07866666666666,385.3850397731073,1250.3700000000001,0.0
2010-03-29,2010,1,3,13,0,29,88,0.0,0,333.14276595744684,0.0,445.495,269.48645161290324,0.0,562.595,219.51633333333334,0.0,116.2,205.72756,482.10484788921104,0.0,1250.3700000000001,0.0,238.76428571428565,329.0823791422214,780.4,238.07866666666666,385.3850397731073,1250.3700000000001,0.0
2010-03-30,2010,1,3,13,1,30,89,1211.72,0,337.30083333333334,0.0,594.175,269.48645161290324,0.0,562.595,219.51633333333334,0.0,116.2,205.72756,482.10484788921104,0.0,0.0,0.0,238.76428571428565,329.0823791422214,780.4,238.07866666666666,385.3850397731073,1250.3700000000001,67.0
2010-03-31,2010,1,3,13,2,31,90,0.0,0,337.73,0.0,347.0575,269.48645161290324,0.0,562.595,219.51633333333334,0.0,116.2,205.72756,482.10484788921104,299.0,236.32,0.0,411.8671428571428,470.7535656340193,1211.72,278.46933333333334,421.3885525091386,1250.3700000000001,0.0
2010-04-01,2010,2,4,13,3,1,91,0.0,0,417.13562499999995,0.0,618.7750000000001,113.648,0.0,0.0,232.42769230769233,0.0,0.0,205.72756,482.10484788921104,591.95,699.25,0.0,369.1528571428571,495.610313543288,1211.72,278.46933333333334,421.3885525091386,1250.3700000000001,0.0
2010-04-02,2010,2,4,13,4,2,92,0.0,0,179.588125,0.0,30.65,113.648,0.0,0.0,232.42769230769233,0.0,0.0,205.72756,482.10484788921104,780.4,857.0600000000001,1082.56,284.58857142857136,501.72285402163914,1211.72,278.46933333333334,421.3885525091386,1250.3700000000001,0.0
2010-04-03,2010,2,4,13,5,3,93,0.0,0,0.0,0.0,0.0,113.648,0.0,0.0,232.42769230769233,0.0,0.0,205.72756,482.10484788921104,0.0,0.0,533.24,173.10285714285712,457.9871112347408,1211.72,242.38400000000001,395.72717370814263,1250.3700000000001,0.0
2010-04-04,2010,2,4,13,6,4,94,0.0,0,246.6620833333333,0.0,0.0,113.648,0.0,0.0,232.42769230769233,0.0,0.0,205.72756,482.10484788921104,0.0,0.0,0.0,173.10285714285712,457.9871112347408,1211.72,224.60933333333332,394.1850830723831,1250.3700000000001,0.0
2010-04-05,2010,2,4,14,0,5,95,0.0,0,333.14276595744684,0.0,445.495,113.648,0.0,0.0,232.42769230769233,0.0,0.0,205.72756,482.10484788921104,0.0,0.0,0.0,173.10285714285712,457.9871112347408,1211.72,224.60933333333332,394.1850830723831,1250.3700000000001,0.0
2010-04-06,2010,2,4,14,1,6,96,0.0,0,337.30083333333334,0.0,594.175,113.648,0.0,0.0,232.42769230769233,0.0,0.0,205.72756,482.10484788921104,1211.72,0.0,0.0,173.10285714285712,457.9871112347408,1211.72,224.60933333333332,394.1850830723831,1250.3700000000001,0.0
2010-04-07,2010,2,4,14,2,7,97,0.0,0,337.73,0.0,347.0575,113.648,0.0,0.0,232.42769230769233,0.0,0.0,205.72756,482.10484788921104,0.0,299.0,0.0,0.0,0.0,0.0,224.60933333333332,394.1850830723831,1250.3700000000001,0.0
2010-04-08,2010,2,4,14,3,8,98,0.0,0,417.13562499999995,0.0,618.7750000000001,113.648,0.0,0.0,232.42769230769233,0.0,0.0,205.72756,482.10484788921104,0.0,591.95,0.0,0.0,0.0,0.0,224.60933333333332,394.1850830723831,1250.3700000000001,0.0
2010-04-09,2010,2,4,14,4,9,99,0.0,0,179.588125,0.0,30.65,113.648,0.0,0.0,232.42769230769233,0.0,0.0,205.72756,482.10484788921104,0.0,780.4,0.0,0.0,0.0,0.0,224.60933333333332,394.1850830723831,1250.3700000000001,0.0
2010-04-10,2010,2,4,14,5,10,100,0.0,0,0.0,0.0,0.0,113.648,0.0,0.0,232.42769230769233,0.0,0.0,205.72756,482.10484788921104,0.0,0.0,0.0,0.0,0.0,0.0,224.60933333333332,394.1850830723831,1250.3700000000001,0.0
2010-04-11,2010,2,4,14,6,11,101,0.0,0,246.6620833333333,0.0,0.0,113.648,0.0,0.0,232.42769230769233,0.0,0.0,205.72756,482.10484788921104,0.0,0.0,812.21,0.0,0.0,0.0,224.60933333333332,394.1850830723831,1250.3700000000001,0.0
2010-04-12,2010,2,4,15,0,12,102,0.0,0,333.14276595744684,0.0,445.495,113.648,0.0,0.0,232.42769230769233,0.0,0.0,205.72756,482.10484788921104,0.0,0.0,0.0,0.0,0.0,0.0,197.53566666666666,380.0753018918237,1250.3700000000001,0.0
2010-04-13,2010,2,4,15,1,13,103,0.0,0,337.30083333333334,0.0,594.175,113.648,0.0,0.0,232.42769230769233,0.0,0.0,205.72756,482.10484788921104,0.0,1211.72,0.0,0.0,0.0,0.0,197.53566666666666,380.0753018918237,1250.3700000000001,0.0
2010-04-14,2010,2,4,15,2,14,104,0.0,0,337.73,0.0,347.0575,113.648,0.0,0.0,232.42769230769233,0.0,0.0,205.72756,482.10484788921104,0.0,0.0,1250.3700000000001,0.0,0.0,0.0,197.53566666666666,380.0753018918237,1250.3700000000001,0.0
2010-04-15,2010,2,4,15,3,15,105,0.0,0,417.13562499999995,0.0,618.7750000000001,113.648,0.0,0.0,232.42769230769233,0.0,0.0,205.72756,482.10484788921104,0.0,0.0,0.0,0.0,0.0,0.0,155.85666666666665,325.2429252890441,1211.72,0.0
2010-04-16,2010,2,4,15,4,16,106,0.0,0,179.588125,0.0,30.65,113.648,0.0,0.0,232.42769230769233,0.0,0.0,205.72756,482.10484788921104,0.0,0.0,236.32,0.0,0.0,0.0,155.85666666666665,325.2429252890441,1211.72,0.0
2010-04-17,2010,2,4,15,5,17,107,0.0,0,0.0,0.0,0.0,113.648,0.0,0.0,232.42769230769233,0.0,0.0,205.72756,482.10484788921104,0.0,0.0,699.25,0.0,0.0,0.0,147.97933333333333,326.0876354700324,1211.72,0.0
2010-04-18,2010,2,4,15,6,18,108,0.0,0,246.6620833333333,0.0,0.0,113.648,0.0,0.0,232.42769230769233,0.0,0.0,205.72756,482.10484788921104,0.0,0.0,857.0600000000001,0.0,0.0,0.0,124.671,309.9144162879543,1211.72,0.0
2010-04-19,2010,2,4,16,0,19,109,1306.69,0,333.14276595744684,0.0,445.495,113.648,0.0,0.0,232.42769230769233,0.0,0.0,205.72756,482.10484788921104,0.0,0.0,0.0,0.0,0.0,0.0,96.10233333333332,277.9249195771297,1211.72,62.0
2010-04-20,2010,2,4,16,1,20,110,0.0,0,337.30083333333334,0.0,594.175,113.648,0.0,0.0,232.42769230769233,0.0,0.0,205.72756,482.10484788921104,0.0,0.0,0.0,186.66999999999993,493.88239723642715,1306.69,139.65866666666665,354.25481680937474,1306.69,0.0
2010-04-21,2010,2,4,16,2,21,111,0.0,0,337.73,0.0,347.0575,113.648,0.0,0.0,232.42769230769233,0.0,0.0,205.72756,482.10484788921104,0.0,0.0,0.0,186.66999999999993,493.88239723642715,1306.69,139.65866666666665,354.25481680937474,1306.69,0.0
2010-04-22,2010,2,4,16,3,22,112,309.25,0,417.13562499999995,0.0,618.7750000000001,113.648,0.0,0.0,232.42769230769233,0.0,0.0,205.72756,482.10484788921104,0.0,0.0,0.0,186.66999999999993,493.88239723642715,1306.69,139.65866666666665,354.25481680937474,1306.69,15.0
2010-04-23,2010,2,4,16,4,23,113,0.0,0,179.588125,0.0,30.65,113.648,0.0,0.0,232.42769230769233,0.0,0.0,205.72756,482.10484788921104,0.0,0.0,299.0,230.84857142857138,488.2002454740804,1306.69,149.96699999999998,354.5500600241148,1306.69,0.0
2010-04-24,2010,2,4,16,5,24,114,0.0,0,0.0,0.0,0.0,113.648,0.0,0.0,232.42769230769233,0.0,0.0,205.72756,482.10484788921104,0.0,0.0,591.95,230.84857142857138,488.2002454740804,1306.69,140.00033333333332,354.4187003461548,1306.69,0.0
2010-04-25,2010,2,4,16,6,25,115,0.0,0,246.6620833333333,0.0,0.0,113.648,0.0,0.0,232.42769230769233,0.0,0.0,205.72756,482.10484788921104,0.0,0.0,780.4,230.84857142857138,488.2002454740804,1306.69,120.26866666666665,344.73514428979496,1306.69,0.0
2010-04-26,2010,2,4,17,0,26,116,710.17,0,333.14276595744684,0.0,445.495,113.648,0.0,0.0,232.42769230769233,0.0,0.0,205.72756,482.10484788921104,1306.69,0.0,0.0,230.84857142857138,488.2002454740804,1306.69,94.25533333333333,321.8919095268636,1306.69,46.0
2010-04-27,2010,2,4,17,1,27,117,0.0,0,337.30083333333334,0.0,594.175,113.648,0.0,0.0,232.42769230769233,0.0,0.0,205.72756,482.10484788921104,0.0,0.0,0.0,145.6314285714285,274.32262043249796,710.17,117.92766666666665,340.30782560827174,1306.69,0.0
2010-04-28,2010,2,4,17,2,28,118,0.0,0,337.73,0.0,347.0575,113.648,0.0,0.0,232.42769230769233,0.0,0.0,205.72756,482.10484788921104,0.0,0.0,0.0,145.6314285714285,274.32262043249796,710.17,117.92766666666665,340.30782560827174,1306.69,0.0
2010-04-29,2010,2,4,17,3,29,119,1083.33,0,417.13562499999995,0.0,618.7750000000001,113.648,0.0,0.0,232.42769230769233,0.0,0.0,205.72756,482.10484788921104,309.25,0.0,1211.72,145.6314285714285,274.32262043249796,710.17,117.92766666666665,340.30782560827174,1306.69,62.0
2010-04-30,2010,2,4,17,4,30,120,0.0,0,179.588125,0.0,30.65,113.648,0.0,0.0,232.42769230769233,0.0,0.0,205.72756,482.10484788921104,0.0,0.0,0.0,256.21428571428567,450.633812234026,1083.33,113.64799999999998,326.6097322747007,1306.69,0.0
2010-05-01,2010,2,5,17,5,1,121,0.0,0,0.0,0.0,0.0,263.3667741935484,0.0,78.9,232.42769230769233,0.0,0.0,205.72756,482.10484788921104,0.0,0.0,0.0,256.21428571428567,450.633812234026,1083.33,113.64799999999998,326.6097322747007,1306.69,0.0
2010-05-02,2010,2,5,17,6,2,122,0.0,0,246.6620833333333,0.0,0.0,263.3667741935484,0.0,78.9,232.42769230769233,0.0,0.0,205.72756,482.10484788921104,0.0,0.0,0.0,256.21428571428567,450.633812234026,1083.33,113.64799999999998,326.6097322747007,1306.69,0.0
2010-05-03,2010,2,5,18,0,3,123,0.0,0,333.14276595744684,0.0,445.495,263.3667741935484,0.0,78.9,232.42769230769233,0.0,0.0,205.72756,482.10484788921104,710.17,1306.69,0.0,256.21428571428567,450.633812234026,1083.33,113.64799999999998,326.6097322747007,1306.69,0.0
2010-05-04,2010,2,5,18,1,4,124,635.8,0,337.30083333333334,0.0,594.175,263.3667741935484,0.0,78.9,232.42769230769233,0.0,0.0,205.72756,482.10484788921104,0.0,0.0,0.0,154.7614285714285,409.46025254508606,1083.33,113.64799999999998,326.6097322747007,1306.69,42.0
2010-05-05,2010,2,5,18,2,5,125,0.0,0,337.73,0.0,347.0575,263.3667741935484,0.0,78.9,232.42769230769233,0.0,0.0,205.72756,482.10484788921104,0.0,0.0,0.0,245.58999999999992,438.87059448087876,1083.33,134.84133333333332,339.3602358773235,1306.69,0.0
2010-05-06,2010,2,5,18,3,6,126,558.43,0,417.13562499999995,0.0,618.7750000000001,263.3667741935484,0.0,78.9,232.42769230769233,0.0,0.0,205.72756,482.10484788921104,1083.33,309.25,0.0,245.58999999999995,438.87059448087876,1083.33,134.84133333333332,339.3602358773235,1306.69,36.0
2010-05-07,2010,2,5,18,4,7,127,0.0,0,179.588125,0.0,30.65,263.3667741935484,0.0,78.9,232.42769230769233,0.0,0.0,205.72756,482.10484788921104,0.0,0.0,0.0,170.60428571428565,292.2170850502038,635.8,153.45566666666664,346.9396296653048,1306.69,0.0
2010-05-08,2010,2,5,18,5,8,128,0.0,0,0.0,0.0,0.0,263.3667741935484,0.0,78.9,232.42769230769233,0.0,0.0,205.72756,482.10484788921104,0.0,0.0,0.0,170.60428571428565,292.2170850502038,635.8,153.45566666666664,346.9396296653048,1306.69,0.0
2010-05-09,2010,2,5,18,6,9,129,3724.02,0,246.6620833333333,0.0,0.0,263.3667741935484,0.0,78.9,232.42769230769233,0.0,0.0,205.72756,482.10484788921104,0.0,0.0,0.0,170.60428571428565,292.2170850502038,635.8,153.45566666666664,346.9396296653048,1306.69,136.0
2010-05-10,2010,2,5,19,0,10,130,487.6,0,333.14276595744684,0.0,445.495,263.3667741935484,0.0,78.9,232.42769230769233,0.0,0.0,205.72756,482.10484788921104,0.0,710.17,0.0,702.6071428571429,1361.9112235471919,3724.02,277.58966666666663,737.0432451284933,3724.02,11.0
2010-05-11,2010,2,5,19,1,11,131,881.95,0,337.30083333333334,0.0,594.175,263.3667741935484,0.0,78.9,232.42769230769233,0.0,0.0,205.72756,482.10484788921104,635.8,0.0,0.0,772.2642857142856,1332.1298445454074,3724.02,293.84299999999996,736.0864080234716,3724.02,52.0
2010-05-12,2010,2,5,19,2,12,132,0.0,0,337.73,0.0,347.0575,263.3667741935484,0.0,78.9,232.42769230769233,0.0,0.0,205.72756,482.10484788921104,0.0,0.0,0.0,807.4285714285713,1331.1756897623566,3724.02,323.24133333333333,741.5378028112666,3724.02,0.0
2010-05-13,2010,2,5,19,3,13,133,0.0,0,417.13562499999995,0.0,618.7750000000001,263.3667741935484,0.0,78.9,232.42769230769233,0.0,0.0,205.72756,482.10484788921104,558.43,1083.33,0.0,807.4285714285713,1331.1756897623566,3724.02,323.24133333333333,741.5378028112666,3724.02,0.0
2010-05-14,2010,2,5,19,4,14,134,0.0,0,179.588125,0.0,30.65,263.3667741935484,0.0,78.9,232.42769230769233,0.0,0.0,205.72756,482.10484788921104,0.0,0.0,0.0,727.6528571428571,1364.890945542467,3724.02,323.24133333333333,741.5378028112666,3724.02,0.0
2010-05-15,2010,2,5,19,5,15,135,0.0,0,0.0,0.0,0.0,263.3667741935484,0.0,78.9,232.42769230769233,0.0,0.0,205.72756,482.10484788921104,0.0,0.0,0.0,727.6528571428571,1364.890945542467,3724.02,323.24133333333333,741.5378028112666,3724.02,0.0
2010-05-16,2010,2,5,19,6,16,136,0.0,0,246.6620833333333,0.0,0.0,263.3667741935484,0.0,78.9,232.42769230769233,0.0,0.0,205.72756,482.10484788921104,3724.02,0.0,0.0,727.6528571428571,1364.890945542467,3724.02,323.24133333333333,741.5378028112666,3724.02,0.0
2010-05-17,2010,2,5,20,0,17,137,0.0,0,333.14276595744684,0.0,445.495,263.3667741935484,0.0,78.9,232.42769230769233,0.0,0.0,205.72756,482.10484788921104,487.6,0.0,0.0,195.64999999999995,352.9960115449845,881.95,323.24133333333333,741.5378028112666,3724.02,0.0
2010-05-18,2010,2,5,20,1,18,138,0.0,0,337.30083333333334,0.0,594.175,263.3667741935484,0.0,78.9,232.42769230769233,0.0,0.0,205.72756,482.10484788921104,881.95,635.8,0.0,125.99285714285709,333.3457669704883,881.95,323.24133333333333,741.5378028112666,3724.02,0.0
2010-05-19,2010,2,5,20,2,19,139,0.0,0,337.73,0.0,347.0575,263.3667741935484,0.0,78.9,232.42769230769233,0.0,0.0,205.72756,482.10484788921104,0.0,0.0,1306.69,0.0,0.0,0.0,323.24133333333333,741.5378028112666,3724.02,0.0
2010-05-20,2010,2,5,20,3,20,140,157.8,0,417.13562499999995,0.0,618.7750000000001,263.3667741935484,0.0,78.9,232.42769230769233,0.0,0.0,205.72756,482.10484788921104,0.0,558.43,0.0,0.0,0.0,0.0,279.685,719.838826101922,3724.02,3.0
2010-05-21,2010,2,5,20,4,21,141,0.0,0,179.588125,0.0,30.65,263.3667741935484,0.0,78.9,232.42769230769233,0.0,0.0,205.72756,482.10484788921104,0.0,0.0,0.0,22.54285714285708,59.64279384085606,157.8,284.94499999999994,718.2995330772292,3724.02,0.0
2010-05-22,2010,2,5,20,5,22,142,0.0,0,0.0,0.0,0.0,263.3667741935484,0.0,78.9,232.42769230769233,0.0,0.0,205.72756,482.10484788921104,0.0,0.0,309.25,22.54285714285708,59.64279384085606,157.8,284.94499999999994,718.2995330772292,3724.02,0.0
2010-05-23,2010,2,5,20,6,23,143,0.0,0,246.6620833333333,0.0,0.0,263.3667741935484,0.0,78.9,232.42769230769233,0.0,0.0,205.72756,482.10484788921104,0.0,3724.02,0.0,22.54285714285708,59.64279384085606,157.8,274.6366666666666,720.1553334660101,3724.02,0.0
2010-05-24,2010,2,5,21,0,24,144,441.17,0,333.14276595744684,0.0,445.495,263.3667741935484,0.0,78.9,232.42769230769233,0.0,0.0,205.72756,482.10484788921104,0.0,487.6,0.0,22.54285714285708,59.64279384085606,157.8,274.6366666666666,720.1553334660101,3724.02,25.0
2010-05-25,2010,2,5,21,1,25,145,0.0,0,337.30083333333334,0.0,594.175,263.3667741935484,0.0,78.9,232.42769230769233,0.0,0.0,205.72756,482.10484788921104,0.0,881.95,0.0,85.5671428571428,167.47122008614753,441.17,289.3423333333333,718.8570376967119,3724.02,0.0
2010-05-26,2010,2,5,21,2,26,146,1277.6,0,337.73,0.0,347.0575,263.3667741935484,0.0,78.9,232.42769230769233,0.0,0.0,205.72756,482.10484788921104,0.0,0.0,710.17,85.5671428571428,167.47122008614753,441.17,289.3423333333333,718.8570376967119,3724.02,61.0
2010-05-27,2010,2,5,21,3,27,147,0.0,0,417.13562499999995,0.0,618.7750000000001,263.3667741935484,0.0,78.9,232.42769230769233,0.0,0.0,205.72756,482.10484788921104,157.8,0.0,0.0,268.0814285714285,474.1167230555703,1277.6,308.2566666666666,737.5339269640336,3724.02,0.0
2010-05-28,2010,2,5,21,4,28,148,0.0,0,179.588125,0.0,30.65,263.3667741935484,0.0,78.9,232.42769230769233,0.0,0.0,205.72756,482.10484788921104,0.0,0.0,0.0,245.53857142857137,483.885041183288,1277.6,308.2566666666666,737.5339269640336,3724.02,0.0
2010-05-29,2010,2,5,21,5,29,149,0.0,0,0.0,0.0,0.0,263.3667741935484,0.0,78.9,232.42769230769233,0.0,0.0,205.72756,482.10484788921104,0.0,0.0,1083.33,245.53857142857137,483.885041183288,1277.6,308.2566666666666,737.5339269640336,3724.02,0.0
2010-05-30,2010,2,5,21,6,30,150,0.0,0,246.6620833333333,0.0,0.0,263.3667741935484,0.0,78.9,232.42769230769233,0.0,0.0,205.72756,482.10484788921104,0.0,0.0,0.0,245.53857142857137,483.885041183288,1277.6,272.1456666666666,724.6853271958722,3724.02,0.0
2010-05-31,2010,2,5,22,0,31,151,0.0,0,333.14276595744684,0.0,445.495,263.3667741935484,0.0,78.9,232.42769230769233,0.0,0.0,205.72756,482.10484788921104,441.17,0.0,0.0,245.53857142857137,483.885041183288,1277.6,272.1456666666666,724.6853271958722,3724.02,0.0
2010-06-01,2010,2,6,22,1,1,152,0.0,0,337.30083333333334,0.0,594.175,319.237,0.0,311.54999999999995,232.42769230769233,0.0,0.0,205.72756,482.10484788921104,0.0,0.0,0.0,182.51428571428565,482.88741071658865,1277.6,272.1456666666666,724.6853271958722,3724.02,0.0
2010-06-02,2010,2,6,22,2,2,153,0.0,0,337.73,0.0,347.0575,319.237,0.0,311.54999999999995,232.42769230769233,0.0,0.0,205.72756,482.10484788921104,1277.6,0.0,0.0,182.51428571428565,482.88741071658865,1277.6,272.1456666666666,724.6853271958722,3724.02,0.0
2010-06-03,2010,2,6,22,3,3,154,838.5600000000001,0,417.13562499999995,0.0,618.7750000000001,319.237,0.0,311.54999999999995,232.42769230769233,0.0,0.0,205.72756,482.10484788921104,0.0,157.8,635.8,0.0,0.0,0.0,272.1456666666666,724.6853271958722,3724.02,38.0
2010-06-04,2010,2,6,22,4,4,155,0.0,0,179.588125,0.0,30.65,319.237,0.0,311.54999999999995,232.42769230769233,0.0,0.0,205.72756,482.10484788921104,0.0,0.0,0.0,119.79428571428566,316.9458884866176,838.5600000000001,278.9043333333333,729.1257451679933,3724.02,0.0
2010-06-05,2010,2,6,22,5,5,156,0.0,0,0.0,0.0,0.0,319.237,0.0,311.54999999999995,232.42769230769233,0.0,0.0,205.72756,482.10484788921104,0.0,0.0,558.43,119.79428571428566,316.9458884866176,838.5600000000001,278.9043333333333,729.1257451679933,3724.02,0.0
2010-06-06,2010,2,6,22,6,6,157,0.0,0,246.6620833333333,0.0,0.0,319.237,0.0,311.54999999999995,232.42769230769233,0.0,0.0,205.72756,482.10484788921104,0.0,0.0,0.0,119.79428571428566,316.9458884866176,838.5600000000001,260.29,728.8716939830049,3724.02,0.0
2010-06-07,2010,2,6,23,0,7,158,0.0,0,333.14276595744684,0.0,445.495,319.237,0.0,311.54999999999995,232.42769230769233,0.0,0.0,205.72756,482.10484788921104,0.0,441.17,0.0,119.79428571428566,316.9458884866176,838.5600000000001,260.29,728.8716939830049,3724.02,0.0
2010-06-08,2010,2,6,23,1,8,159,0.0,0,337.30083333333334,0.0,594.175,319.237,0.0,311.54999999999995,232.42769230769233,0.0,0.0,205.72756,482.10484788921104,0.0,0.0,3724.02,119.79428571428566,316.9458884866176,838.5600000000001,260.29,728.8716939830049,3724.02,0.0
2010-06-09,2010,2,6,23,2,9,160,0.0,0,337.73,0.0,347.0575,319.237,0.0,311.54999999999995,232.42769230769233,0.0,0.0,205.72756,482.10484788921104,0.0,1277.6,487.6,119.79428571428566,316.9458884866176,838.5600000000001,136.15599999999998,322.40541595733254,1277.6,0.0
2010-06-10,2010,2,6,23,3,10,161,0.0,0,417.13562499999995,0.0,618.7750000000001,319.237,0.0,311.54999999999995,232.42769230769233,0.0,0.0,205.72756,482.10484788921104,838.5600000000001,0.0,881.95,119.79428571428566,316.9458884866176,838.5600000000001,119.90266666666665,316.31023405046096,1277.6,0.0
2010-06-11,2010,2,6,23,4,11,162,1646.78,0,179.588125,0.0,30.65,319.237,0.0,311.54999999999995,232.42769230769233,0.0,0.0,205.72756,482.10484788921104,0.0,0.0,0.0,0.0,0.0,0.0,90.5043333333333,282.1863783667579,1277.6,57.0
2010-06-12,2010,2,6,23,5,12,163,0.0,0,0.0,0.0,0.0,319.237,0.0,311.54999999999995,232.42769230769233,0.0,0.0,205.72756,482.10484788921104,0.0,0.0,0.0,235.25428571428566,622.4243348621352,1646.78,145.397,399.683158248182,1646.78,0.0
2010-06-13,2010,2,6,23,6,13,164,0.0,0,246.6620833333333,0.0,0.0,319.237,0.0,311.54999999999995,232.42769230769233,0.0,0.0,205.72756,482.10484788921104,0.0,0.0,0.0,235.25428571428566,622.4243348621352,1646.78,145.397,399.683158248182,1646.78,0.0
2010-06-14,2010,2,6,24,0,14,165,3079.86,0,333.14276595744684,0.0,445.495,319.237,0.0,311.54999999999995,232.42769230769233,0.0,0.0,205.72756,482.10484788921104,0.0,0.0,0.0,235.25428571428566,622.4243348621352,1646.78,145.397,399.683158248182,1646.78,123.0
2010-06-15,2010,2,6,24,1,15,166,0.0,0,337.30083333333334,0.0,594.175,319.237,0.0,311.54999999999995,232.42769230769233,0.0,0.0,205.72756,482.10484788921104,0.0,0.0,0.0,675.2342857142856,1225.1416655344685,3079.86,248.059,667.1193970081238,3079.86,0.0
2010-06-16,2010,2,6,24,2,16,167,117.45,0,337.73,0.0,347.0575,319.237,0.0,311.54999999999995,232.42769230769233,0.0,0.0,205.72756,482.10484788921104,0.0,0.0,0.0,675.2342857142856,1225.1416655344685,3079.86,248.059,667.1193970081238,3079.86,6.0
2010-06-17,2010,2,6,24,3,17,168,445.56,0,417.13562499999995,0.0,618.7750000000001,319.237,0.0,311.54999999999995,232.42769230769233,0.0,0.0,205.72756,482.10484788921104,0.0,838.5600000000001,0.0,692.0128571428571,1215.1161761564788,3079.86,251.974,665.9570772313202,3079.86,28.0
2010-06-18,2010,2,6,24,4,18,169,0.0,0,179.588125,0.0,30.65,319.237,0.0,311.54999999999995,232.42769230769233,0.0,0.0,205.72756,482.10484788921104,1646.78,0.0,0.0,755.6642857142857,1184.0988567381405,3079.86,266.82599999999996,665.1116893067011,3079.86,0.0
2010-06-19,2010,2,6,24,5,19,170,0.0,0,0.0,0.0,0.0,319.237,0.0,311.54999999999995,232.42769230769233,0.0,0.0,205.72756,482.10484788921104,0.0,0.0,157.8,520.41,1140.3266972670597,3079.86,266.82599999999996,665.1116893067011,3079.86,0.0
2010-06-20,2010,2,6,24,6,20,171,0.0,0,246.6620833333333,0.0,0.0,319.237,0.0,311.54999999999995,232.42769230769233,0.0,0.0,205.72756,482.10484788921104,0.0,0.0,0.0,520.41,1140.3266972670597,3079.86,261.566,666.625900257253,3079.86,0.0
2010-06-21,2010,2,6,25,0,21,172,0.0,0,333.14276595744684,0.0,445.495,319.237,0.0,311.54999999999995,232.42769230769233,0.0,0.0,205.72756,482.10484788921104,3079.86,0.0,0.0,520.41,1140.3266972670597,3079.86,261.566,666.625900257253,3079.86,0.0
2010-06-22,2010,2,6,25,1,22,173,252.0,0,337.30083333333334,0.0,594.175,319.237,0.0,311.54999999999995,232.42769230769233,0.0,0.0,205.72756,482.10484788921104,0.0,0.0,0.0,80.42999999999994,166.85089241595412,445.56,261.566,666.625900257253,3079.86,11.0
2010-06-23,2010,2,6,25,2,23,174,1722.96,0,337.73,0.0,347.0575,319.237,0.0,311.54999999999995,232.42769230769233,0.0,0.0,205.72756,482.10484788921104,117.45,0.0,441.17,116.42999999999994,173.65223954789724,445.56,269.966,664.8015148930829,3079.86,67.0
2010-06-24,2010,2,6,25,3,24,175,515.74,0,417.13562499999995,0.0,618.7750000000001,319.237,0.0,311.54999999999995,232.42769230769233,0.0,0.0,205.72756,482.10484788921104,445.56,0.0,0.0,345.78857142857134,631.6157484691828,1722.96,312.6923333333333,715.4450059478695,3079.86,28.0
2010-06-25,2010,2,6,25,4,25,176,626.8,0,179.588125,0.0,30.65,319.237,0.0,311.54999999999995,232.42769230769233,0.0,0.0,205.72756,482.10484788921104,0.0,1646.78,1277.6,355.8142857142857,634.0158078696238,1722.96,329.8836666666666,713.8668556650647,3079.86,34.0
2010-06-26,2010,2,6,25,5,26,177,0.0,0,0.0,0.0,0.0,319.237,0.0,311.54999999999995,232.42769230769233,0.0,0.0,205.72756,482.10484788921104,0.0,0.0,0.0,445.3571428571428,619.4836904421372,1722.96,308.19033333333334,693.6770037420691,3079.86,0.0
2010-06-27,2010,2,6,25,6,27,178,0.0,0,246.6620833333333,0.0,0.0,319.237,0.0,311.54999999999995,232.42769230769233,0.0,0.0,205.72756,482.10484788921104,0.0,0.0,0.0,445.3571428571428,619.4836904421372,1722.96,308.1903333333333,693.6770037420691,3079.86,0.0
2010-06-28,2010,2,6,26,0,28,179,0.0,0,333.14276595744684,0.0,445.495,319.237,0.0,311.54999999999995,232.42769230769233,0.0,0.0,205.72756,482.10484788921104,0.0,3079.86,0.0,445.3571428571428,619.4836904421372,1722.96,308.1903333333333,693.6770037420691,3079.86,0.0
2010-06-29,2010,2,6,26,1,29,180,0.0,0,337.30083333333334,0.0,594.175,319.237,0.0,311.54999999999995,232.42769230769233,0.0,0.0,205.72756,482.10484788921104,252.0,0.0,0.0,445.3571428571428,619.4836904421372,1722.96,308.1903333333333,693.6770037420691,3079.86,0.0
2010-06-30,2010,2,6,26,2,30,181,331.4,0,337.73,0.0,347.0575,319.237,0.0,311.54999999999995,232.42769230769233,0.0,0.0,205.72756,482.10484788921104,1722.96,117.45,0.0,409.3571428571428,639.5889638852517,1722.96,308.1903333333333,693.6770037420691,3079.86,20.0
2010-07-01,2010,3,7,26,3,1,182,863.63,0,417.13562499999995,0.0,618.7750000000001,189.46064516129033,0.0,396.42,240.91663043478263,0.0,406.1575,205.72756,482.10484788921104,515.74,445.56,0.0,210.5628571428571,276.3858805917486,626.8,319.23699999999997,691.2343362777274,3079.86,52.0
2010-07-02,2010,3,7,26,4,2,183,0.0,0,179.588125,0.0,30.65,189.46064516129033,0.0,396.42,240.91663043478263,0.0,406.1575,205.72756,482.10484788921104,626.8,0.0,0.0,260.2614285714285,359.2605596883955,863.63,348.02466666666675,695.4515255064118,3079.86,0.0
2010-07-03,2010,3,7,26,5,3,184,0.0,0,0.0,0.0,0.0,189.46064516129033,0.0,396.42,240.91663043478263,0.0,406.1575,205.72756,482.10484788921104,0.0,0.0,838.5600000000001,170.71857142857135,329.56256929595713,863.63,348.02466666666675,695.4515255064118,3079.86,0.0
2010-07-04,2010,3,7,26,6,4,185,0.0,0,246.6620833333333,0.0,0.0,189.46064516129033,0.0,396.42,240.91663043478263,0.0,406.1575,205.72756,482.10484788921104,0.0,0.0,0.0,170.71857142857135,329.56256929595713,863.63,320.0726666666667,691.8986554199639,3079.86,0.0
2010-07-05,2010,3,7,27,0,5,186,442.5,0,333.14276595744684,0.0,445.495,189.46064516129033,0.0,396.42,240.91663043478263,0.0,406.1575,205.72756,482.10484788921104,0.0,0.0,0.0,170.71857142857135,329.56256929595713,863.63,320.0726666666667,691.8986554199639,3079.86,10.0
2010-07-06,2010,3,7,27,1,6,187,423.90000000000003,0,337.30083333333334,0.0,594.175,189.46064516129033,0.0,396.42,240.91663043478263,0.0,406.1575,205.72756,482.10484788921104,0.0,252.0,0.0,233.93285714285707,333.77060868777784,863.63,334.8226666666667,689.5526735096948,3079.86,17.0
2010-07-07,2010,3,7,27,2,7,188,398.81,0,337.73,0.0,347.0575,189.46064516129033,0.0,396.42,240.91663043478263,0.0,406.1575,205.72756,482.10484788921104,331.4,1722.96,0.0,294.4899999999999,322.5186496416399,863.63,348.9526666666667,686.7927118632708,3079.86,8.0
2010-07-08,2010,3,7,27,3,8,189,0.0,0,417.13562499999995,0.0,618.7750000000001,189.46064516129033,0.0,396.42,240.91663043478263,0.0,406.1575,205.72756,482.10484788921104,863.63,515.74,0.0,304.1199999999999,324.80271760973136,863.63,362.2463333333333,683.6579802770071,3079.86,0.0
2010-07-09,2010,3,7,27,4,9,190,1028.85,0,179.588125,0.0,30.65,189.46064516129033,0.0,396.42,240.91663043478263,0.0,406.1575,205.72756,482.10484788921104,0.0,626.8,0.0,180.74428571428567,225.78285968729253,442.5,362.2463333333333,683.6579802770071,3079.86,63.0
2010-07-10,2010,3,7,27,5,10,191,0.0,0,0.0,0.0,0.0,189.46064516129033,0.0,396.42,240.91663043478263,0.0,406.1575,205.72756,482.10484788921104,0.0,0.0,0.0,327.7228571428571,374.44699245306145,1028.85,396.54133333333334,690.6297080987073,3079.86,0.0
2010-07-11,2010,3,7,27,6,11,192,0.0,0,246.6620833333333,0.0,0.0,189.46064516129033,0.0,396.42,240.91663043478263,0.0,406.1575,205.72756,482.10484788921104,0.0,0.0,1646.78,327.7228571428571,374.44699245306145,1028.85,396.54133333333334,690.6297080987073,3079.86,0.0
2010-07-12,2010,3,7,28,0,12,193,484.79,0,333.14276595744684,0.0,445.495,189.46064516129033,0.0,396.42,240.91663043478263,0.0,406.1575,205.72756,482.10484788921104,442.5,0.0,0.0,327.7228571428571,374.44699245306145,1028.85,341.64866666666666,652.2075134481056,3079.86,28.0
2010-07-13,2010,3,7,28,1,13,194,0.0,0,337.30083333333334,0.0,594.175,189.46064516129033,0.0,396.42,240.91663043478263,0.0,406.1575,205.72756,482.10484788921104,423.90000000000003,0.0,0.0,333.7642857142856,376.94033651924053,1028.85,357.8083333333333,649.4505943996755,3079.86,0.0
2010-07-14,2010,3,7,28,2,14,195,394.03000000000003,0,337.73,0.0,347.0575,189.46064516129033,0.0,396.42,240.91663043478263,0.0,406.1575,205.72756,482.10484788921104,398.81,331.4,3079.86,273.20714285714274,393.7232704880545,1028.85,357.80833333333334,649.4505943996755,3079.86,14.0
2010-07-15,2010,3,7,28,3,15,196,0.0,0,417.13562499999995,0.0,618.7750000000001,189.46064516129033,0.0,396.42,240.91663043478263,0.0,406.1575,205.72756,482.10484788921104,0.0,863.63,0.0,272.52428571428567,393.47318912716906,1028.85,268.28066666666666,397.53927598573733,1722.96,0.0
2010-07-16,2010,3,7,28,4,16,197,122.6,0,179.588125,0.0,30.65,189.46064516129033,0.0,396.42,240.91663043478263,0.0,406.1575,205.72756,482.10484788921104,1028.85,0.0,117.45,272.52428571428567,393.47318912716906,1028.85,268.28066666666666,397.53927598573733,1722.96,7.0
2010-07-17,2010,3,7,28,5,17,198,0.0,0,0.0,0.0,0.0,189.46064516129033,0.0,396.42,240.91663043478263,0.0,406.1575,205.72756,482.10484788921104,0.0,0.0,445.56,143.05999999999995,208.98508710751,484.79,268.4523333333333,397.4730042941829,1722.96,0.0
2010-07-18,2010,3,7,28,6,18,199,0.0,0,246.6620833333333,0.0,0.0,189.46064516129033,0.0,396.42,240.91663043478263,0.0,406.1575,205.72756,482.10484788921104,0.0,0.0,0.0,143.05999999999995,208.98508710751,484.79,253.6003333333333,398.94865963432295,1722.96,0.0
2010-07-19,2010,3,7,29,0,19,200,0.0,0,333.14276595744684,0.0,445.495,189.46064516129033,0.0,396.42,240.91663043478263,0.0,406.1575,205.72756,482.10484788921104,484.79,442.5,0.0,143.05999999999995,208.98508710751,484.79,253.6003333333333,398.94865963432295,1722.96,0.0
2010-07-20,2010,3,7,29,1,20,201,723.4,0,337.30083333333334,0.0,594.175,189.46064516129033,0.0,396.42,240.91663043478263,0.0,406.1575,205.72756,482.10484788921104,0.0,423.90000000000003,0.0,73.80428571428567,148.41433711708902,394.03000000000003,253.6003333333333,398.94865963432295,1722.96,30.0
2010-07-21,2010,3,7,29,2,21,202,0.0,0,337.73,0.0,347.0575,189.46064516129033,0.0,396.42,240.91663043478263,0.0,406.1575,205.72756,482.10484788921104,394.03000000000003,398.81,0.0,177.14714285714282,281.0486877579691,723.4,277.71366666666665,404.90935427049226,1722.96,0.0
2010-07-22,2010,3,7,29,3,22,203,0.0,0,417.13562499999995,0.0,618.7750000000001,189.46064516129033,0.0,396.42,240.91663043478263,0.0,406.1575,205.72756,482.10484788921104,0.0,0.0,252.0,120.85714285714279,269.5963578954218,723.4,277.71366666666665,404.90935427049226,1722.96,0.0
2010-07-23,2010,3,7,29,4,23,204,0.0,0,179.588125,0.0,30.65,189.46064516129033,0.0,396.42,240.91663043478263,0.0,406.1575,205.72756,482.10484788921104,122.6,1028.85,1722.96,120.85714285714279,269.5963578954218,723.4,269.3136666666667,408.0628272323398,1722.96,0.0
2010-07-24,2010,3,7,29,5,24,205,0.0,0,0.0,0.0,0.0,189.46064516129033,0.0,396.42,240.91663043478263,0.0,406.1575,205.72756,482.10484788921104,0.0,0.0,515.74,103.34285714285707,273.4194997748753,723.4,211.88166666666666,304.5308436910706,1028.85,0.0
2010-07-25,2010,3,7,29,6,25,206,0.0,0,246.6620833333333,0.0,0.0,189.46064516129033,0.0,396.42,240.91663043478263,0.0,406.1575,205.72756,482.10484788921104,0.0,0.0,626.8,103.34285714285707,273.4194997748753,723.4,194.6903333333333,301.3263612589182,1028.85,0.0
2010-07-26,2010,3,7,30,0,26,207,119.93,0,333.14276595744684,0.0,445.495,189.46064516129033,0.0,396.42,240.91663043478263,0.0,406.1575,205.72756,482.10484788921104,0.0,484.79,0.0,103.34285714285707,273.4194997748753,723.4,173.797,291.915157976092,1028.85,7.0
2010-07-27,2010,3,7,30,1,27,208,489.02000000000004,0,337.30083333333334,0.0,594.175,189.46064516129033,0.0,396.42,240.91663043478263,0.0,406.1575,205.72756,482.10484788921104,723.4,0.0,0.0,120.4757142857142,269.59536988217167,723.4,177.79466666666667,290.2695620273336,1028.85,15.0
2010-07-28,2010,3,7,30,2,28,209,0.0,0,337.73,0.0,347.0575,189.46064516129033,0.0,396.42,240.91663043478263,0.0,406.1575,205.72756,482.10484788921104,0.0,394.03000000000003,0.0,86.99285714285709,182.82480910371467,489.02000000000004,194.09533333333331,293.65209612189295,1028.85,0.0
2010-07-29,2010,3,7,30,3,29,210,0.0,0,417.13562499999995,0.0,618.7750000000001,189.46064516129033,0.0,396.42,240.91663043478263,0.0,406.1575,205.72756,482.10484788921104,0.0,0.0,0.0,86.99285714285709,182.82480910371467,489.02000000000004,194.09533333333331,293.65209612189295,1028.85,0.0
2010-07-30,2010,3,7,30,4,30,211,381.82000000000005,0,179.588125,0.0,30.65,189.46064516129033,0.0,396.42,240.91663043478263,0.0,406.1575,205.72756,482.10484788921104,0.0,122.6,331.4,86.99285714285709,182.82480910371467,489.02000000000004,194.09533333333331,293.65209612189295,1028.85,13.0
2010-07-31,2010,3,7,30,5,31,212,0.0,0,0.0,0.0,0.0,189.46064516129033,0.0,396.42,240.91663043478263,0.0,406.1575,205.72756,482.10484788921104,0.0,0.0,863.63,141.53857142857137,207.79721977836772,489.02000000000004,195.77599999999995,294.60776337126714,1028.85,0.0
2010-08-01,2010,3,8,30,6,1,213,0.0,0,246.6620833333333,0.0,0.0,150.0393548387097,0.0,108.94999999999999,240.91663043478263,0.0,406.1575,205.72756,482.10484788921104,0.0,0.0,0.0,141.53857142857137,207.79721977836772,489.02000000000004,166.98833333333332,268.100320725262,1028.85,0.0
2010-08-02,2010,3,8,31,0,2,214,0.0,0,333.14276595744684,0.0,445.495,150.0393548387097,0.0,108.94999999999999,240.91663043478263,0.0,406.1575,205.72756,482.10484788921104,119.93,0.0,0.0,141.53857142857137,207.79721977836772,489.02000000000004,166.98833333333332,268.100320725262,1028.85,0.0
2010-08-03,2010,3,8,31,1,3,215,1217.65,0,337.30083333333334,0.0,594.175,150.0393548387097,0.0,108.94999999999999,240.91663043478263,0.0,406.1575,205.72756,482.10484788921104,489.02000000000004,723.4,0.0,124.40571428571424,214.70506925060005,489.02000000000004,166.98833333333332,268.100320725262,1028.85,49.0
2010-08-04,2010,3,8,31,2,4,216,0.0,0,337.73,0.0,347.0575,150.0393548387097,0.0,108.94999999999999,240.91663043478263,0.0,406.1575,205.72756,482.10484788921104,0.0,0.0,442.5,228.49571428571426,458.80024607146663,1217.65,207.57666666666668,327.5319477687562,1217.65,0.0
2010-08-05,2010,3,8,31,3,5,217,0.0,0,417.13562499999995,0.0,618.7750000000001,150.0393548387097,0.0,108.94999999999999,240.91663043478263,0.0,406.1575,205.72756,482.10484788921104,0.0,0.0,423.90000000000003,228.49571428571426,458.80024607146663,1217.65,192.82666666666665,326.5499039047933,1217.65,0.0
2010-08-06,2010,3,8,31,4,6,218,0.0,0,179.588125,0.0,30.65,150.0393548387097,0.0,108.94999999999999,240.91663043478263,0.0,406.1575,205.72756,482.10484788921104,381.82000000000005,0.0,398.81,228.49571428571426,458.80024607146663,1217.65,178.69666666666666,325.37553282464154,1217.65,0.0
2010-08-07,2010,3,8,31,5,7,219,0.0,0,0.0,0.0,0.0,150.0393548387097,0.0,108.94999999999999,240.91663043478263,0.0,406.1575,205.72756,482.10484788921104,0.0,0.0,0.0,173.94999999999996,460.22844055968574,1217.65,165.403,324.21729917416957,1217.65,0.0
2010-08-08,2010,3,8,31,6,8,220,0.0,0,246.6620833333333,0.0,0.0,150.0393548387097,0.0,108.94999999999999,240.91663043478263,0.0,406.1575,205.72756,482.10484788921104,0.0,0.0,1028.85,173.94999999999996,460.22844055968574,1217.65,165.403,324.21729917416957,1217.65,0.0
2010-08-09,2010,3,8,32,0,9,221,217.89999999999998,0,333.14276595744684,0.0,445.495,150.0393548387097,0.0,108.94999999999999,240.91663043478263,0.0,406.1575,205.72756,482.10484788921104,0.0,119.93,0.0,173.94999999999996,460.22844055968574,1217.65,131.108,281.3098595474758,1217.65,11.0
2010-08-10,2010,3,8,32,1,10,222,0.0,0,337.30083333333334,0.0,594.175,150.0393548387097,0.0,108.94999999999999,240.91663043478263,0.0,406.1575,205.72756,482.10484788921104,1217.65,489.02000000000004,0.0,205.0785714285714,453.82658018339185,1217.65,138.37133333333333,280.620171476571,1217.65,0.0
2010-08-11,2010,3,8,32,2,11,223,0.0,0,337.73,0.0,347.0575,150.0393548387097,0.0,108.94999999999999,240.91663043478263,0.0,406.1575,205.72756,482.10484788921104,0.0,0.0,484.79,31.12857142857136,82.35845866871152,217.89999999999998,138.37133333333333,280.620171476571,1217.65,0.0
2010-08-12,2010,3,8,32,3,12,224,0.0,0,417.13562499999995,0.0,618.7750000000001,150.0393548387097,0.0,108.94999999999999,240.91663043478263,0.0,406.1575,205.72756,482.10484788921104,0.0,0.0,0.0,31.12857142857136,82.35845866871152,217.89999999999998,122.21166666666666,273.8606131125243,1217.65,0.0
2010-08-13,2010,3,8,32,4,13,225,0.0,0,179.588125,0.0,30.65,150.0393548387097,0.0,108.94999999999999,240.91663043478263,0.0,406.1575,205.72756,482.10484788921104,0.0,381.82000000000005,394.03000000000003,31.12857142857136,82.35845866871152,217.89999999999998,122.21166666666666,273.8606131125243,1217.65,0.0
2010-08-14,2010,3,8,32,5,14,226,0.0,0,0.0,0.0,0.0,150.0393548387097,0.0,108.94999999999999,240.91663043478263,0.0,406.1575,205.72756,482.10484788921104,0.0,0.0,0.0,31.12857142857136,82.35845866871152,217.89999999999998,109.07733333333333,269.7933174951844,1217.65,0.0
2010-08-15,2010,3,8,32,6,15,227,0.0,0,246.6620833333333,0.0,0.0,150.0393548387097,0.0,108.94999999999999,240.91663043478263,0.0,406.1575,205.72756,482.10484788921104,0.0,0.0,122.6,31.12857142857136,82.35845866871152,217.89999999999998,109.07733333333333,269.7933174951844,1217.65,0.0
2010-08-16,2010,3,8,33,0,16,228,0.0,0,333.14276595744684,0.0,445.495,150.0393548387097,0.0,108.94999999999999,240.91663043478263,0.0,406.1575,205.72756,482.10484788921104,217.89999999999998,0.0,0.0,31.12857142857136,82.35845866871152,217.89999999999998,104.99066666666666,270.50900728114357,1217.65,0.0
2010-08-17,2010,3,8,33,1,17,229,0.0,0,337.30083333333334,0.0,594.175,150.0393548387097,0.0,108.94999999999999,240.91663043478263,0.0,406.1575,205.72756,482.10484788921104,0.0,1217.65,0.0,0.0,0.0,0.0,104.99066666666666,270.50900728114357,1217.65,0.0
2010-08-18,2010,3,8,33,2,18,230,405.36,0,337.73,0.0,347.0575,150.0393548387097,0.0,108.94999999999999,240.91663043478263,0.0,406.1575,205.72756,482.10484788921104,0.0,0.0,0.0,0.0,0.0,0.0,104.99066666666666,270.50900728114357,1217.65,16.0
2010-08-19,2010,3,8,33,3,19,231,531.09,0,417.13562499999995,0.0,618.7750000000001,150.0393548387097,0.0,108.94999999999999,240.91663043478263,0.0,406.1575,205.72756,482.10484788921104,0.0,0.0,723.4,57.90857142857136,153.21167877902036,405.36,118.50266666666667,275.1676629699931,1217.65,25.0
2010-08-20,2010,3,8,33,4,20,232,698.96,0,179.588125,0.0,30.65,150.0393548387097,0.0,108.94999999999999,240.91663043478263,0.0,406.1575,205.72756,482.10484788921104,0.0,0.0,0.0,133.77857142857138,231.33538945497665,531.09,112.09233333333331,262.54029524132517,1217.65,39.0
2010-08-21,2010,3,8,33,5,21,233,0.0,0,0.0,0.0,0.0,150.0393548387097,0.0,108.94999999999999,240.91663043478263,0.0,406.1575,205.72756,482.10484788921104,0.0,0.0,0.0,233.62999999999994,303.5450436096758,698.96,135.391,282.50474045885323,1217.65,0.0
2010-08-22,2010,3,8,33,6,22,234,0.0,0,246.6620833333333,0.0,0.0,150.0393548387097,0.0,108.94999999999999,240.91663043478263,0.0,406.1575,205.72756,482.10484788921104,0.0,0.0,0.0,233.62999999999994,303.5450436096758,698.96,135.391,282.50474045885323,1217.65,0.0
2010-08-23,2010,3,8,34,0,23,235,0.0,0,333.14276595744684,0.0,445.495,150.0393548387097,0.0,108.94999999999999,240.91663043478263,0.0,406.1575,205.72756,482.10484788921104,0.0,217.89999999999998,0.0,233.62999999999994,303.5450436096758,698.96,135.391,282.50474045885323,1217.65,0.0
2010-08-24,2010,3,8,34,1,24,236,260.86,0,337.30083333333334,0.0,594.175,150.0393548387097,0.0,108.94999999999999,240.91663043478263,0.0,406.1575,205.72756,482.10484788921104,0.0,0.0,0.0,233.62999999999994,303.5450436096758,698.96,135.391,282.50474045885323,1217.65,11.0
2010-08-25,2010,3,8,34,2,25,237,0.0,0,337.73,0.0,347.0575,150.0393548387097,0.0,108.94999999999999,240.91663043478263,0.0,406.1575,205.72756,482.10484788921104,405.36,0.0,119.93,270.89571428571423,285.5622882348171,698.96,144.08633333333333,282.2081895666843,1217.65,0.0
2010-08-26,2010,3,8,34,3,26,238,345.63,0,417.13562499999995,0.0,618.7750000000001,150.0393548387097,0.0,108.94999999999999,240.91663043478263,0.0,406.1575,205.72756,482.10484788921104,531.09,0.0,489.02000000000004,212.98714285714277,294.7046397505071,698.96,140.08866666666665,283.409068817171,1217.65,22.0
2010-08-27,2010,3,8,34,4,27,239,0.0,0,179.588125,0.0,30.65,150.0393548387097,0.0,108.94999999999999,240.91663043478263,0.0,406.1575,205.72756,482.10484788921104,698.96,0.0,0.0,186.49285714285708,268.51319574739,698.96,135.309,278.4878574874153,1217.65,0.0
2010-08-28,2010,3,8,34,5,28,240,0.0,0,0.0,0.0,0.0,150.0393548387097,0.0,108.94999999999999,240.91663043478263,0.0,406.1575,205.72756,482.10484788921104,0.0,0.0,0.0,86.6414285714285,149.97826313931532,345.63,135.309,278.4878574874153,1217.65,0.0
2010-08-29,2010,3,8,34,6,29,241,0.0,0,246.6620833333333,0.0,0.0,150.0393548387097,0.0,108.94999999999999,240.91663043478263,0.0,406.1575,205.72756,482.10484788921104,0.0,0.0,381.82000000000005,86.6414285714285,149.97826313931532,345.63,135.309,278.4878574874153,1217.65,0.0
2010-08-30,2010,3,8,35,0,30,242,0.0,0,333.14276595744684,0.0,445.495,150.0393548387097,0.0,108.94999999999999,240.91663043478263,0.0,406.1575,205.72756,482.10484788921104,0.0,0.0,0.0,86.6414285714285,149.97826313931532,345.63,122.58166666666666,275.5427508113986,1217.65,0.0
2010-08-31,2010,3,8,35,1,31,243,973.77,0,337.30083333333334,0.0,594.175,150.0393548387097,0.0,108.94999999999999,240.91663043478263,0.0,406.1575,205.72756,482.10484788921104,260.86,0.0,0.0,86.6414285714285,149.97826313931532,345.63,122.58166666666666,275.5427508113986,1217.65,59.0
2010-09-01,2010,3,9,35,2,1,244,0.0,1,337.73,0.0,347.0575,387.9943333333333,0.0,614.4275,240.91663043478263,0.0,406.1575,436.5861176470588,913.7953315692979,0.0,405.36,0.0,188.48571428571424,369.4590772041897,973.77,155.04066666666665,315.11782862412196,1217.65,0.0
2010-09-02,2010,3,9,35,3,2,245,507.86,1,417.13562499999995,0.0,618.7750000000001,387.9943333333333,0.0,614.4275,240.91663043478263,0.0,406.1575,436.5861176470588,913.7953315692979,345.63,531.09,1217.65,188.48571428571424,369.4590772041897,973.77,155.04066666666665,315.11782862412196,1217.65,26.0
2010-09-03,2010,3,9,35,4,3,246,0.0,1,179.588125,0.0,30.65,387.9943333333333,0.0,614.4275,240.91663043478263,0.0,406.1575,436.5861176470588,913.7953315692979,0.0,698.96,0.0,211.66142857142853,385.6911264396495,973.77,131.38099999999997,253.1339854749134,973.77,0.0
2010-09-04,2010,3,9,35,5,4,247,0.0,1,0.0,0.0,0.0,387.9943333333333,0.0,614.4275,240.91663043478263,0.0,406.1575,436.5861176470588,913.7953315692979,0.0,0.0,0.0,211.66142857142853,385.6911264396495,973.77,131.38099999999997,253.1339854749134,973.77,0.0
2010-09-05,2010,3,9,35,6,5,248,840.89,1,246.6620833333333,0.0,0.0,387.9943333333333,0.0,614.4275,240.91663043478263,0.0,406.1575,436.5861176470588,913.7953315692979,0.0,0.0,0.0,211.66142857142853,385.6911264396495,973.77,131.38099999999997,253.1339854749134,973.77,39.0
2010-09-06,2010,3,9,36,0,6,249,0.0,1,333.14276595744684,0.0,445.495,387.9943333333333,0.0,614.4275,240.91663043478263,0.0,406.1575,436.5861176470588,913.7953315692979,0.0,0.0,0.0,331.78857142857134,436.39817286619376,973.77,159.41066666666666,282.8914627364977,973.77,0.0
2010-09-07,2010,3,9,36,1,7,250,649.95,1,337.30083333333334,0.0,594.175,387.9943333333333,0.0,614.4275,240.91663043478263,0.0,406.1575,436.5861176470588,913.7953315692979,973.77,260.86,0.0,331.78857142857134,436.39817286619376,973.77,159.41066666666666,282.8914627364977,973.77,42.0
2010-09-08,2010,3,9,36,2,8,251,1146.66,1,337.73,0.0,347.0575,387.9943333333333,0.0,614.4275,240.91663043478263,0.0,406.1575,436.5861176470588,913.7953315692979,0.0,0.0,217.89999999999998,285.52857142857135,368.9550149827921,840.89,181.07566666666665,294.89540642209136,973.77,60.0
2010-09-09,2010,3,9,36,3,9,252,0.0,1,417.13562499999995,0.0,618.7750000000001,387.9943333333333,0.0,614.4275,240.91663043478263,0.0,406.1575,436.5861176470588,913.7953315692979,507.86,345.63,0.0,449.3371428571428,463.49305175353976,1146.66,212.03433333333336,343.6206620948537,1146.66,0.0
2010-09-10,2010,3,9,36,4,10,253,0.0,1,179.588125,0.0,30.65,387.9943333333333,0.0,614.4275,240.91663043478263,0.0,406.1575,436.5861176470588,913.7953315692979,0.0,0.0,0.0,376.7857142857142,491.6956763370727,1146.66,212.03433333333336,343.6206620948537,1146.66,0.0
2010-09-11,2010,3,9,36,5,11,254,0.0,1,0.0,0.0,0.0,387.9943333333333,0.0,614.4275,240.91663043478263,0.0,406.1575,436.5861176470588,913.7953315692979,0.0,0.0,0.0,376.7857142857142,491.6956763370727,1146.66,212.03433333333336,343.6206620948537,1146.66,0.0
2010-09-12,2010,3,9,36,6,12,255,0.0,1,246.6620833333333,0.0,0.0,387.9943333333333,0.0,614.4275,240.91663043478263,0.0,406.1575,436.5861176470588,913.7953315692979,840.89,0.0,0.0,376.7857142857142,491.6956763370727,1146.66,212.03433333333336,343.6206620948537,1146.66,0.0
2010-09-13,2010,3,9,37,0,13,256,410.46,1,333.14276595744684,0.0,445.495,387.9943333333333,0.0,614.4275,240.91663043478263,0.0,406.1575,436.5861176470588,913.7953315692979,0.0,0.0,0.0,256.6585714285714,461.18485124111095,1146.66,212.03433333333336,343.6206620948537,1146.66,28.0
2010-09-14,2010,3,9,37,1,14,257,0.0,1,337.30083333333334,0.0,594.175,387.9943333333333,0.0,614.4275,240.91663043478263,0.0,406.1575,436.5861176470588,913.7953315692979,649.95,973.77,0.0,315.29571428571427,449.0474840465888,1146.66,225.71633333333332,343.05814808695396,1146.66,0.0
2010-09-15,2010,3,9,37,2,15,258,0.0,1,337.73,0.0,347.0575,387.9943333333333,0.0,614.4275,240.91663043478263,0.0,406.1575,436.5861176470588,913.7953315692979,1146.66,0.0,0.0,222.44571428571425,435.302939834515,1146.66,225.71633333333332,343.05814808695396,1146.66,0.0
2010-09-16,2010,3,9,37,3,16,259,839.65,1,417.13562499999995,0.0,618.7750000000001,387.9943333333333,0.0,614.4275,240.91663043478263,0.0,406.1575,436.5861176470588,913.7953315692979,0.0,507.86,0.0,58.63714285714279,155.1392975913672,410.46,225.71633333333332,343.05814808695396,1146.66,39.0
2010-09-17,2010,3,9,37,4,17,260,0.0,1,179.588125,0.0,30.65,387.9943333333333,0.0,614.4275,240.91663043478263,0.0,406.1575,436.5861176470588,913.7953315692979,0.0,0.0,405.36,178.58714285714277,329.20003061534305,839.65,253.70466666666667,357.9368166140722,1146.66,0.0
2010-09-18,2010,3,9,37,5,18,261,0.0,1,0.0,0.0,0.0,387.9943333333333,0.0,614.4275,240.91663043478263,0.0,406.1575,436.5861176470588,913.7953315692979,0.0,0.0,531.09,178.58714285714282,329.20003061534305,839.65,240.19266666666667,359.66141498237795,1146.66,0.0
2010-09-19,2010,3,9,37,6,19,262,0.0,1,246.6620833333333,0.0,0.0,387.9943333333333,0.0,614.4275,240.91663043478263,0.0,406.1575,436.5861176470588,913.7953315692979,0.0,840.89,698.96,178.58714285714282,329.20003061534305,839.65,222.48966666666666,357.91556708524695,1146.66,0.0
2010-09-20,2010,3,9,38,0,20,263,499.74,1,333.14276595744684,0.0,445.495,387.9943333333333,0.0,614.4275,240.91663043478263,0.0,406.1575,436.5861176470588,913.7953315692979,410.46,0.0,0.0,178.58714285714282,329.20003061534305,839.65,199.19099999999997,348.4545128811525,1146.66,15.0
2010-09-21,2010,3,9,38,1,21,264,1254.3700000000001,1,337.30083333333334,0.0,594.175,387.9943333333333,0.0,614.4275,240.91663043478263,0.0,406.1575,436.5861176470588,913.7953315692979,0.0,649.95,0.0,191.34142857142848,341.191880053271,839.65,215.849,350.54262650285074,1146.66,47.0
2010-09-22,2010,3,9,38,2,22,265,0.0,1,337.73,0.0,347.0575,387.9943333333333,0.0,614.4275,240.91663043478263,0.0,406.1575,436.5861176470588,913.7953315692979,0.0,1146.66,0.0,370.53714285714284,511.0629229594038,1254.3700000000001,257.6613333333333,395.79735310168354,1254.3700000000001,0.0
2010-09-23,2010,3,9,38,3,23,266,0.0,1,417.13562499999995,0.0,618.7750000000001,387.9943333333333,0.0,614.4275,240.91663043478263,0.0,406.1575,436.5861176470588,913.7953315692979,839.65,0.0,260.86,370.53714285714284,511.0629229594038,1254.3700000000001,257.6613333333333,395.79735310168354,1254.3700000000001,0.0
2010-09-24,2010,3,9,38,4,24,267,0.0,1,179.588125,0.0,30.65,387.9943333333333,0.0,614.4275,240.91663043478263,0.0,406.1575,436.5861176470588,913.7953315692979,0.0,0.0,0.0,250.58714285714285,480.2129304351798,1254.3700000000001,248.96599999999998,398.5803109278106,1254.3700000000001,0.0
2010-09-25,2010,3,9,38,5,25,268,0.0,1,0.0,0.0,0.0,387.9943333333333,0.0,614.4275,240.91663043478263,0.0,406.1575,436.5861176470588,913.7953315692979,0.0,0.0,345.63,250.58714285714285,480.2129304351798,1254.3700000000001,248.96599999999998,398.5803109278106,1254.3700000000001,0.0
2010-09-26,2010,3,9,38,6,26,269,187.85000000000002,1,246.6620833333333,0.0,0.0,387.9943333333333,0.0,614.4275,240.91663043478263,0.0,406.1575,436.5861176470588,913.7953315692979,0.0,0.0,0.0,250.58714285714285,480.2129304351798,1254.3700000000001,237.445,400.6795865195133,1254.3700000000001,10.0
2010-09-27,2010,3,9,39,0,27,270,1926.41,1,333.14276595744684,0.0,445.495,387.9943333333333,0.0,614.4275,240.91663043478263,0.0,406.1575,436.5861176470588,913.7953315692979,499.74,410.46,0.0,277.42285714285714,468.99319386370223,1254.3700000000001,243.70666666666665,398.3017000001235,1254.3700000000001,79.0
2010-09-28,2010,3,9,39,1,28,271,2153.04,1,337.30083333333334,0.0,594.175,387.9943333333333,0.0,614.4275,240.91663043478263,0.0,406.1575,436.5861176470588,913.7953315692979,1254.3700000000001,0.0,0.0,481.23285714285714,785.1424252901356,1926.41,307.92033333333336,499.96823352525877,1926.41,92.0
2010-09-29,2010,3,9,39,2,29,272,408.55,1,337.73,0.0,347.0575,387.9943333333333,0.0,614.4275,240.91663043478263,0.0,406.1575,436.5861176470588,913.7953315692979,0.0,0.0,0.0,609.6142857142858,981.5393786268781,2153.04,379.68833333333333,598.9706998595422,2153.04,22.0
2010-09-30,2010,3,9,39,3,30,273,814.4,1,417.13562499999995,0.0,618.7750000000001,387.9943333333333,0.0,614.4275,240.91663043478263,0.0,406.1575,436.5861176470588,913.7953315692979,0.0,839.65,973.77,667.9785714285715,950.917964520399,2153.04,393.3066666666666,594.6693394352593,2153.04,31.0
2010-10-01,2010,4,10,39,4,1,274,0.0,1,179.588125,0.0,30.65,667.3025806451614,0.0,655.25,410.8062903225806,0.0,419.9625,436.5861176470588,913.7953315692979,0.0,0.0,0.0,784.3214285714286,904.2459189370365,2153.04,387.9943333333333,589.9986078924741,2153.04,0.0
2010-10-02,2010,4,10,39,5,2,275,0.0,1,0.0,0.0,0.0,667.3025806451614,0.0,655.25,410.8062903225806,0.0,419.9625,436.5861176470588,913.7953315692979,0.0,0.0,507.86,784.3214285714286,904.2459189370365,2153.04,387.9943333333333,589.9986078924741,2153.04,0.0
2010-10-03,2010,4,10,39,6,3,276,5603.15,1,246.6620833333333,0.0,0.0,667.3025806451614,0.0,655.25,410.8062903225806,0.0,419.9625,436.5861176470588,913.7953315692979,187.85000000000002,0.0,0.0,784.3214285714286,904.2459189370365,2153.04,371.0656666666667,593.7149784702125,2153.04,162.0
2010-10-04,2010,4,10,40,0,4,277,401.40000000000003,1,333.14276595744684,0.0,445.495,667.3025806451614,0.0,655.25,410.8062903225806,0.0,419.9625,436.5861176470588,913.7953315692979,1926.41,499.74,0.0,1557.935714285714,1982.5043625749151,5603.15,557.8373333333333,1120.5438007439723,5603.15,11.0
2010-10-05,2010,4,10,40,1,5,278,427.64,1,337.30083333333334,0.0,594.175,667.3025806451614,0.0,655.25,410.8062903225806,0.0,419.9625,436.5861176470588,913.7953315692979,2153.04,1254.3700000000001,840.89,1340.0771428571427,2018.7251069649071,5603.15,571.2173333333334,1116.0406198420696,5603.15,24.0
2010-10-06,2010,4,10,40,2,6,279,0.0,1,337.73,0.0,347.0575,667.3025806451614,0.0,655.25,410.8062903225806,0.0,419.9625,436.5861176470588,913.7953315692979,408.55,0.0,0.0,1093.5914285714284,2008.2269470889703,5603.15,557.4423333333333,1115.147305465727,5603.15,0.0
2010-10-07,2010,4,10,40,3,7,280,0.0,1,417.13562499999995,0.0,618.7750000000001,667.3025806451614,0.0,655.25,410.8062903225806,0.0,419.9625,436.5861176470588,913.7953315692979,814.4,0.0,649.95,1035.2271428571428,2037.182226791983,5603.15,557.4423333333333,1115.147305465727,5603.15,0.0
2010-10-08,2010,4,10,40,4,8,281,337.7,1,179.588125,0.0,30.65,667.3025806451614,0.0,655.25,410.8062903225806,0.0,419.9625,436.5861176470588,913.7953315692979,0.0,0.0,1146.66,918.8842857142856,2074.8031849780928,5603.15,535.7773333333333,1119.5928292138738,5603.15,20.0
2010-10-09,2010,4,10,40,5,9,282,0.0,1,0.0,0.0,0.0,667.3025806451614,0.0,655.25,410.8062903225806,0.0,419.9625,436.5861176470588,913.7953315692979,0.0,0.0,0.0,967.1271428571428,2053.695237409179,5603.15,508.812,1114.100814405021,5603.15,0.0
2010-10-10,2010,4,10,40,6,10,283,0.0,1,246.6620833333333,0.0,0.0,667.3025806451614,0.0,655.25,410.8062903225806,0.0,419.9625,436.5861176470588,913.7953315692979,5603.15,187.85000000000002,0.0,967.1271428571428,2053.695237409179,5603.15,508.812,1114.100814405021,5603.15,0.0
2010-10-11,2010,4,10,41,0,11,284,448.49,1,333.14276595744684,0.0,445.495,667.3025806451614,0.0,655.25,410.8062903225806,0.0,419.9625,436.5861176470588,913.7953315692979,401.40000000000003,1926.41,0.0,166.67714285714285,209.59100248772617,427.64,508.812,1114.100814405021,5603.15,33.0
2010-10-12,2010,4,10,41,1,12,285,0.0,1,337.30083333333334,0.0,594.175,667.3025806451614,0.0,655.25,410.8062903225806,0.0,419.9625,436.5861176470588,913.7953315692979,427.64,2153.04,0.0,173.4042857142857,218.92815243493,448.49,523.7616666666667,1110.039490310525,5603.15,0.0
2010-10-13,2010,4,10,41,2,13,286,600.85,1,337.73,0.0,347.0575,667.3025806451614,0.0,655.25,410.8062903225806,0.0,419.9625,436.5861176470588,913.7953315692979,0.0,408.55,410.46,112.31285714285715,194.45878952572457,448.49,523.7616666666667,1110.039490310525,5603.15,19.0
2010-10-14,2010,4,10,41,3,14,287,3402.25,1,417.13562499999995,0.0,618.7750000000001,667.3025806451614,0.0,655.25,410.8062903225806,0.0,419.9625,436.5861176470588,913.7953315692979,0.0,814.4,0.0,198.14857142857142,258.63916243991275,600.85,530.108,1109.9136265941193,5603.15,140.0
2010-10-15,2010,4,10,41,4,15,288,0.0,1,179.588125,0.0,30.65,667.3025806451614,0.0,655.25,410.8062903225806,0.0,419.9625,436.5861176470588,913.7953315692979,337.7,0.0,0.0,684.1842857142857,1223.0258512783932,3402.25,643.5163333333333,1222.0344987920005,5603.15,0.0
2010-10-16,2010,4,10,41,5,16,289,0.0,1,0.0,0.0,0.0,667.3025806451614,0.0,655.25,410.8062903225806,0.0,419.9625,436.5861176470588,913.7953315692979,0.0,0.0,839.65,635.9414285714286,1245.4262028910503,3402.25,643.5163333333333,1222.0344987920005,5603.15,0.0
2010-10-17,2010,4,10,41,6,17,290,0.0,1,246.6620833333333,0.0,0.0,667.3025806451614,0.0,655.25,410.8062903225806,0.0,419.9625,436.5861176470588,913.7953315692979,0.0,5603.15,0.0,635.9414285714286,1245.4262028910503,3402.25,615.5279999999999,1226.9927580777207,5603.15,0.0
2010-10-18,2010,4,10,42,0,18,291,297.1,1,333.14276595744684,0.0,445.495,667.3025806451614,0.0,655.25,410.8062903225806,0.0,419.9625,436.5861176470588,913.7953315692979,448.49,401.40000000000003,0.0,635.9414285714286,1245.4262028910503,3402.25,615.5279999999999,1226.9927580777207,5603.15,18.0
2010-10-19,2010,4,10,42,1,19,292,762.5500000000001,1,337.30083333333334,0.0,594.175,667.3025806451614,0.0,655.25,410.8062903225806,0.0,419.9625,436.5861176470588,913.7953315692979,0.0,427.64,0.0,614.3142857142857,1250.527882107621,3402.25,625.4313333333333,1223.0460139502275,5603.15,41.0
2010-10-20,2010,4,10,42,2,20,293,171.42000000000002,1,337.73,0.0,347.0575,667.3025806451614,0.0,655.25,410.8062903225806,0.0,419.9625,436.5861176470588,913.7953315692979,600.85,0.0,499.74,723.25,1220.9588281346757,3402.25,650.8496666666666,1217.5110201426721,5603.15,13.0
2010-10-21,2010,4,10,42,3,21,294,709.65,1,417.13562499999995,0.0,618.7750000000001,667.3025806451614,0.0,655.25,410.8062903225806,0.0,419.9625,436.5861176470588,913.7953315692979,3402.25,0.0,1254.3700000000001,661.9028571428571,1238.7919549129883,3402.25,639.9056666666667,1220.3883635779375,5603.15,33.0
2010-10-22,2010,4,10,42,4,22,295,0.0,1,179.588125,0.0,30.65,667.3025806451614,0.0,655.25,410.8062903225806,0.0,419.9625,436.5861176470588,913.7953315692979,0.0,337.7,0.0,277.2457142857143,332.83693424143684,762.5500000000001,621.7483333333333,1214.9711529599015,5603.15,0.0
2010-10-23,2010,4,10,42,5,23,296,0.0,1,0.0,0.0,0.0,667.3025806451614,0.0,655.25,410.8062903225806,0.0,419.9625,436.5861176470588,913.7953315692979,0.0,0.0,0.0,277.2457142857143,332.83693424143684,762.5500000000001,621.7483333333333,1214.9711529599015,5603.15,0.0
2010-10-24,2010,4,10,42,6,24,297,0.0,1,246.6620833333333,0.0,0.0,667.3025806451614,0.0,655.25,410.8062903225806,0.0,419.9625,436.5861176470588,913.7953315692979,0.0,0.0,0.0,277.2457142857143,332.83693424143684,762.5500000000001,621.7483333333333,1214.9711529599015,5603.15,0.0
2010-10-25,2010,4,10,43,0,25,298,1062.13,1,333.14276595744684,0.0,445.495,667.3025806451614,0.0,655.25,410.8062903225806,0.0,419.9625,436.5861176470588,913.7953315692979,297.1,448.49,0.0,277.2457142857143,332.83693424143684,762.5500000000001,621.7483333333333,1214.9711529599015,5603.15,48.0
2010-10-26,2010,4,10,43,1,26,299,837.9,1,337.30083333333334,0.0,594.175,667.3025806451614,0.0,655.25,410.8062903225806,0.0,419.9625,436.5861176470588,913.7953315692979,762.5500000000001,0.0,187.85000000000002,386.5357142857143,446.60227820202465,1062.13,657.1526666666667,1211.6994789449247,5603.15,39.0
2010-10-27,2010,4,10,43,2,27,300,4251.6,1,337.73,0.0,347.0575,667.3025806451614,0.0,655.25,410.8062903225806,0.0,419.9625,436.5861176470588,913.7953315692979,171.42000000000002,600.85,1926.41,397.3,457.9398533650467,1062.13,678.8209999999999,1208.8266225255595,5603.15,133.0
2010-10-28,2010,4,10,43,3,28,301,1372.55,1,417.13562499999995,0.0,618.7750000000001,667.3025806451614,0.0,655.25,410.8062903225806,0.0,419.9625,436.5861176470588,913.7953315692979,709.65,3402.25,2153.04,980.1828571428572,1510.220358940093,4251.6,756.3273333333333,1357.0333619153453,5603.15,61.0
2010-10-29,2010,4,10,43,4,29,302,0.0,1,179.588125,0.0,30.65,667.3025806451614,0.0,655.25,410.8062903225806,0.0,419.9625,436.5861176470588,913.7953315692979,0.0,0.0,408.55,1074.8828571428573,1511.2125657532356,4251.6,730.3109999999999,1336.6616344959737,5603.15,0.0
2010-10-30,2010,4,10,43,5,30,303,0.0,1,0.0,0.0,0.0,667.3025806451614,0.0,655.25,410.8062903225806,0.0,419.9625,436.5861176470588,913.7953315692979,0.0,0.0,814.4,1074.8828571428573,1511.2125657532356,4251.6,716.6926666666666,1342.122941005016,5603.15,0.0
2010-10-31,2010,4,10,43,6,31,304,0.0,1,246.6620833333333,0.0,0.0,667.3025806451614,0.0,655.25,410.8062903225806,0.0,419.9625,436.5861176470588,913.7953315692979,0.0,0.0,0.0,1074.8828571428573,1511.2125657532356,4251.6,689.546,1348.3005789475671,5603.15,0.0
2010-11-01,2010,4,11,44,0,1,305,716.09,1,333.14276595744684,0.0,445.495,,,,410.8062903225806,0.0,419.9625,436.5861176470588,913.7953315692979,,,,,,,,,,0.0
2010-11-02,2010,4,11,44,1,2,306,0.0,1,337.30083333333334,0.0,594.175,,,,410.8062903225806,0.0,419.9625,436.5861176470588,913.7953315692979,,,,,,,,,,0.0
2010-11-03,2010,4,11,44,2,3,307,944.53,1,337.73,0.0,347.0575,,,,410.8062903225806,0.0,419.9625,436.5861176470588,913.7953315692979,,,,,,,,,,0.0
2010-11-04,2010,4,11,44,3,4,308,942.47,1,417.13562499999995,0.0,618.7750000000001,,,,410.8062903225806,0.0,419.9625,436.5861176470588,913.7953315692979,,,,,,,,,,0.0
2010-11-05,2010,4,11,44,4,5,309,1134.1,1,179.588125,0.0,30.65,,,,410.8062903225806,0.0,419.9625,436.5861176470588,913.7953315692979,,,,,,,,,,0.0
2010-11-06,2010,4,11,44,5,6,310,0.0,1,0.0,0.0,0.0,,,,410.8062903225806,0.0,419.9625,436.5861176470588,913.7953315692979,,,,,,,,,,0.0
2010-11-07,2010,4,11,44,6,7,311,723.22,1,246.6620833333333,0.0,0.0,,,,410.8062903225806,0.0,419.9625,436.5861176470588,913.7953315692979,,,,,,,,,,0.0
2010-11-08,2010,4,11,45,0,8,312,0.0,1,333.14276595744684,0.0,445.495,,,,410.8062903225806,0.0,419.9625,436.5861176470588,913.7953315692979,,,,,,,,,,0.0
2010-11-09,2010,4,11,45,1,9,313,1364.68,1,337.30083333333334,0.0,594.175,,,,410.8062903225806,0.0,419.9625,436.5861176470588,913.7953315692979,,,,,,,,,,0.0
2010-11-10,2010,4,11,45,2,10,314,695.38,1,337.73,0.0,347.0575,,,,410.8062903225806,0.0,419.9625,436.5861176470588,913.7953315692979,,,,,,,,,,0.0
2010-11-11,2010,4,11,45,3,11,315,0.0,1,417.13562499999995,0.0,618.7750000000001,,,,410.8062903225806,0.0,419.9625,436.5861176470588,913.7953315692979,,,,,,,,,,0.0
2010-11-12,2010,4,11,45,4,12,316,1413.64,1,179.588125,0.0,30.65,,,,410.8062903225806,0.0,419.9625,436.5861176470588,913.7953315692979,,,,,,,,,,0.0
2010-11-13,2010,4,11,45,5,13,317,0.0,1,0.0,0.0,0.0,,,,410.8062903225806,0.0,419.9625,436.5861176470588,913.7953315692979,,,,,,,,,,0.0
2010-11-14,2010,4,11,45,6,14,318,0.0,1,246.6620833333333,0.0,0.0,,,,410.8062903225806,0.0,419.9625,436.5861176470588,913.7953315692979,,,,,,,,,,0.0
2010-11-15,2010,4,11,46,0,15,319,1044.92,1,333.14276595744684,0.0,445.495,,,,410.8062903225806,0.0,419.9625,436.5861176470588,913.7953315692979,,,,,,,,,,0.0
2010-11-16,2010,4,11,46,1,16,320,1140.86,1,337.30083333333334,0.0,594.175,,,,410.8062903225806,0.0,419.9625,436.5861176470588,913.7953315692979,,,,,,,,,,0.0
2010-11-17,2010,4,11,46,2,17,321,0.0,1,337.73,0.0,347.0575,,,,410.8062903225806,0.0,419.9625,436.5861176470588,913.7953315692979,,,,,,,,,,0.0
2010-11-18,2010,4,11,46,3,18,322,1376.28,1,417.13562499999995,0.0,618.7750000000001,,,,410.8062903225806,0.0,419.9625,436.5861176470588,913.7953315692979,,,,,,,,,,0.0
2010-11-19,2010,4,11,46,4,19,323,122.5,1,179.588125,0.0,30.65,,,,410.8062903225806,0.0,419.9625,436.5861176470588,913.7953315692979,,,,,,,,,,0.0
2010-11-20,2010,4,11,46,5,20,324,0.0,1,0.0,0.0,0.0,,,,410.8062903225806,0.0,419.9625,436.5861176470588,913.7953315692979,,,,,,,,,,0.0
2010-11-21,2010,4,11,46,6,21,325,287.75,1,246.6620833333333,0.0,0.0,,,,410.8062903225806,0.0,419.9625,436.5861176470588,913.7953315692979,,,,,,,,,,0.0
2010-11-22,2010,4,11,47,0,22,326,175.20000000000002,1,333.14276595744684,0.0,445.495,,,,410.8062903225806,0.0,419.9625,436.5861176470588,913.7953315692979,,,,,,,,,,0.0
2010-11-23,2010,4,11,47,1,23,327,512.01,1,337.30083333333334,0.0,594.175,,,,410.8062903225806,0.0,419.9625,436.5861176470588,913.7953315692979,,,,,,,,,,0.0
2010-11-24,2010,4,11,47,2,24,328,0.0,1,337.73,0.0,347.0575,,,,410.8062903225806,0.0,419.9625,436.5861176470588,913.7953315692979,,,,,,,,,,0.0
2010-11-25,2010,4,11,47,3,25,329,0.0,1,417.13562499999995,0.0,618.7750000000001,,,,410.8062903225806,0.0,419.9625,436.5861176470588,913.7953315692979,,,,,,,,,,0.0
2010-11-26,2010,4,11,47,4,26,330,325.56,1,179.588125,0.0,30.65,,,,410.8062903225806,0.0,419.9625,436.5861176470588,913.7953315692979,,,,,,,,,,0.0
2010-11-27,2010,4,11,47,5,27,331,0.0,1,0.0,0.0,0.0,,,,410.8062903225806,0.0,419.9625,436.5861176470588,913.7953315692979,,,,,,,,,,0.0
2010-11-28,2010,4,11,47,6,28,332,0.0,1,246.6620833333333,0.0,0.0,,,,410.8062903225806,0.0,419.9625,436.5861176470588,913.7953315692979,,,,,,,,,,0.0
2010-11-29,2010,4,11,48,0,29,333,0.0,1,333.14276595744684,0.0,445.495,,,,410.8062903225806,0.0,419.9625,436.5861176470588,913.7953315692979,,,,,,,,,,0.0
2010-11-30,2010,4,11,48,1,30,334,0.0,1,337.30083333333334,0.0,594.175,,,,410.8062903225806,0.0,419.9625,436.5861176470588,913.7953315692979,,,,,,,,,,0.0
2010-12-01,2010,4,12,48,2,1,335,382.18,1,337.73,0.0,347.0575,154.31,0.0,0.0,410.8062903225806,0.0,419.9625,436.5861176470588,913.7953315692979,,,,,,,,,,0.0
2010-12-02,2010,4,12,48,3,2,336,22.5,1,417.13562499999995,0.0,618.7750000000001,154.31,0.0,0.0,410.8062903225806,0.0,419.9625,436.5861176470588,913.7953315692979,,,,,,,,,,0.0
2010-12-03,2010,4,12,48,4,3,337,1563.79,1,179.588125,0.0,30.65,154.31,0.0,0.0,410.8062903225806,0.0,419.9625,436.5861176470588,913.7953315692979,,,,,,,,,,0.0
2010-12-04,2010,4,12,48,5,4,338,0.0,1,0.0,0.0,0.0,154.31,0.0,0.0,410.8062903225806,0.0,419.9625,436.5861176470588,913.7953315692979,,,,,,,,,,0.0
2010-12-05,2010,4,12,48,6,5,339,0.0,1,246.6620833333333,0.0,0.0,154.31,0.0,0.0,410.8062903225806,0.0,419.9625,436.5861176470588,913.7953315692979,,,,,,,,,,0.0
2010-12-06,2010,4,12,49,0,6,340,850.6,1,333.14276595744684,0.0,445.495,154.31,0.0,0.0,410.8062903225806,0.0,419.9625,436.5861176470588,913.7953315692979,,,,,,,,,,0.0
2010-12-07,2010,4,12,49,1,7,341,0.0,1,337.30083333333334,0.0,594.175,154.31,0.0,0.0,410.8062903225806,0.0,419.9625,436.5861176470588,913.7953315692979,,,,,,,,,,0.0
2010-12-08,2010,4,12,49,2,8,342,0.0,1,337.73,0.0,347.0575,154.31,0.0,0.0,410.8062903225806,0.0,419.9625,436.5861176470588,913.7953315692979,,,,,,,,,,0.0
2010-12-09,2010,4,12,49,3,9,343,682.55,1,417.13562499999995,0.0,618.7750000000001,154.31,0.0,0.0,410.8062903225806,0.0,419.9625,436.5861176470588,913.7953315692979,,,,,,,,,,0.0
