Date,Year,Quarter,Month,Week,Weekday,Day,DayOfYear,Revenue,PreChristmas,WeekdayRevenue_mean,WeekdayRevenue_median,WeekdayRevenue_IQR,MonthRevenue_mean,MonthRevenue_median,MonthRevenue_IQR,QuarterRevenue_mean,QuarterRevenue_median,QuarterRevenue_IQR,PreChristmasRevenue_mean,PreChristmasRevenue_std,RevenueLag_7d,RevenueLag_14d,RevenueLag_30d,RollingMean_7d,RollingStd_7d,RollingMax_7d,RollingMean_30d,RollingStd_30d,RollingMax_30d,UnitPrice_median,UnitPrice_std
2010-03-15,2010,1,3,11,0,15,74,102.0,0,168.35454545454544,178.5,229.5,233.16923076923075,253.35,191.25,233.16923076923075,253.35,191.25,180.525,124.54769610623833,,,,,0.0,,,0.0,,12.75,
2010-03-16,2010,1,3,11,1,16,75,293.25,0,198.20454545454547,216.75,153.0,233.16923076923075,253.35,191.25,233.16923076923075,253.35,191.25,180.525,124.54769610623833,,,,102.0,0.0,102.0,102.0,0.0,102.0,12.75,0.0
2010-03-17,2010,1,3,11,2,17,76,267.75,0,214.33181818181816,240.6,153.0,233.16923076923075,253.35,191.25,233.16923076923075,253.35,191.25,180.525,124.54769610623833,,,,197.625,135.23417190192723,293.25,197.625,135.23417190192723,293.25,12.75,0.0
2010-03-18,2010,1,3,11,3,18,77,267.75,0,258.7636363636364,267.75,178.5,233.16923076923075,253.35,191.25,233.16923076923075,253.35,191.25,180.525,124.54769610623833,,,,221.0,103.84272964440024,293.25,221.0,103.84272964440024,293.25,12.75,0.0
2010-03-19,2010,1,3,11,4,19,78,369.75,0,149.96818181818182,127.5,153.0,233.16923076923075,253.35,191.25,233.16923076923075,253.35,191.25,180.525,124.54769610623833,,,,232.6875,87.95035886794322,293.25,232.6875,87.95035886794322,293.25,12.75,0.0
2010-03-22,2010,1,3,12,0,22,81,51.0,0,168.35454545454544,178.5,229.5,233.16923076923075,253.35,191.25,233.16923076923075,253.35,191.25,180.525,124.54769610623833,,,,260.1,97.76847651467214,369.75,260.1,97.76847651467214,369.75,12.75,0.0
2010-03-23,2010,1,3,12,1,23,82,216.75,0,198.20454545454547,216.75,153.0,233.16923076923075,253.35,191.25,233.16923076923075,253.35,191.25,180.525,124.54769610623833,,,,225.25,122.20505308701438,369.75,225.25,122.20505308701438,369.75,12.75,0.0
2010-03-24,2010,1,3,12,2,24,83,63.75,0,214.33181818181816,240.6,153.0,233.16923076923075,253.35,191.25,233.16923076923075,253.35,191.25,180.525,124.54769610623833,102.0,,,224.03571428571428,111.6036913752024,369.75,224.03571428571428,111.6036913752024,369.75,12.75,0.0
2010-03-25,2010,1,3,12,3,25,84,521.1,0,258.7636363636364,267.75,178.5,233.16923076923075,253.35,191.25,233.16923076923075,253.35,191.25,180.525,124.54769610623833,293.25,,,218.57142857142858,119.24910152401867,369.75,204.0,117.8451617286732,369.75,12.75,0.4500000000000001
2010-03-26,2010,1,3,12,4,26,85,229.5,0,149.96818181818182,127.5,153.0,233.16923076923075,253.35,191.25,233.16923076923075,253.35,191.25,180.525,124.54769610623833,267.75,,,251.12142857142857,165.2534514443971,521.1,239.23333333333332,152.7220903307704,521.1,12.75,0.0
2010-03-29,2010,1,3,13,0,29,88,102.0,0,168.35454545454544,178.5,229.5,233.16923076923075,253.35,191.25,233.16923076923075,253.35,191.25,180.525,124.54769610623833,267.75,,,245.65714285714284,165.24435801909502,521.1,238.26,144.02066171213073,521.1,12.75,0.0
2010-03-30,2010,1,3,13,1,30,89,293.25,0,198.20454545454547,216.75,153.0,233.16923076923075,253.35,191.25,233.16923076923075,253.35,191.25,180.525,124.54769610623833,369.75,,,221.97857142857143,173.23334180891885,521.1,225.87272727272727,142.67321290914487,521.1,12.75,0.0
2010-03-31,2010,1,3,13,2,31,90,253.35,0,214.33181818181816,240.6,153.0,233.16923076923075,253.35,191.25,233.16923076923075,253.35,191.25,180.525,124.54769610623833,51.0,,,211.04999999999998,164.55289423161173,521.1,231.48749999999998,137.4170313729839,521.1,12.75,0.6363961030678928
2010-04-01,2010,2,4,13,3,1,91,344.25,0,258.7636363636364,267.75,178.5,208.56136363636367,184.875,200.8125,174.55615384615385,165.75,255.0,180.525,124.54769610623833,216.75,,,239.95714285714286,148.76707585061573,521.1,233.16923076923075,131.70644368326217,521.1,12.75,0.0
2010-04-02,2010,2,4,13,4,2,92,0.0,0,149.96818181818182,127.5,153.0,208.56136363636367,184.875,200.8125,174.55615384615385,165.75,255.0,180.525,124.54769610623833,63.75,102.0,,258.1714285714286,153.19158173439465,521.1,241.10357142857143,129.97533266604225,521.1,12.75,0.0
2010-04-05,2010,2,4,14,0,5,95,0.0,0,168.35454545454544,178.5,229.5,208.56136363636367,184.875,200.8125,174.55615384615385,165.75,255.0,180.525,124.54769610623833,521.1,293.25,,249.06428571428572,167.868092348044,521.1,225.03,139.8652844193808,521.1,12.75,0.0
2010-04-06,2010,2,4,14,1,6,96,114.75,0,198.20454545454547,216.75,153.0,208.56136363636367,184.875,200.8125,174.55615384615385,165.75,255.0,180.525,124.54769610623833,229.5,267.75,,174.62142857142857,140.42530297024715,344.25,210.965625,146.36615355419437,521.1,12.75,0.0
2010-04-07,2010,2,4,14,2,7,97,165.75,0,214.33181818181816,240.6,153.0,208.56136363636367,184.875,200.8125,174.55615384615385,165.75,255.0,180.525,124.54769610623833,102.0,267.75,,158.22857142857143,139.6468428367992,344.25,205.30588235294115,143.62682862451322,521.1,12.75,0.0
2010-04-08,2010,2,4,14,3,8,98,393.6,0,258.7636363636364,267.75,178.5,208.56136363636367,184.875,200.8125,174.55615384615385,165.75,255.0,180.525,124.54769610623833,293.25,369.75,,167.33571428571426,137.42985093701958,344.25,203.10833333333332,139.65006607904758,521.1,12.75,0.5692099788303081
2010-04-09,2010,2,4,14,4,9,99,76.5,0,149.96818181818182,127.5,153.0,208.56136363636367,184.875,200.8125,174.55615384615385,165.75,255.0,180.525,124.54769610623833,253.35,51.0,,181.67142857142858,156.6441371845295,393.6,213.1342105263158,142.57817061823351,521.1,12.75,0.28460498941515405
2010-04-12,2010,2,4,15,0,12,102,165.75,0,168.35454545454544,178.5,229.5,208.56136363636367,184.875,200.8125,174.55615384615385,165.75,255.0,180.525,124.54769610623833,344.25,216.75,,156.40714285714284,157.41639958131063,393.6,206.3025,142.09875872175365,521.1,12.75,0.0
2010-04-13,2010,2,4,15,1,13,103,318.75,0,198.20454545454547,216.75,153.0,208.56136363636367,184.875,200.8125,174.55615384615385,165.75,255.0,180.525,124.54769610623833,0.0,63.75,,130.90714285714287,134.7405761348186,393.6,204.37142857142857,138.78315511205653,521.1,12.75,0.0
2010-04-14,2010,2,4,15,2,14,104,165.75,0,214.33181818181816,240.6,153.0,208.56136363636367,184.875,200.8125,174.55615384615385,165.75,255.0,180.525,124.54769610623833,0.0,521.1,,176.44285714285712,136.9695143349163,393.6,209.57045454545457,137.61628559762946,521.1,12.75,0.0
2010-04-15,2010,2,4,15,3,15,105,344.25,0,258.7636363636364,267.75,178.5,208.56136363636367,184.875,200.8125,174.55615384615385,165.75,255.0,180.525,124.54769610623833,114.75,229.5,,200.12142857142857,113.74050823820733,393.6,207.66521739130437,134.76238805830752,521.1,12.75,0.0
2010-04-16,2010,2,4,15,4,16,106,102.0,0,149.96818181818182,127.5,153.0,208.56136363636367,184.875,200.8125,174.55615384615385,165.75,255.0,180.525,124.54769610623833,165.75,102.0,,232.90714285714284,118.02673577263269,393.6,213.35625000000002,134.71675948198163,521.1,12.75,0.0
2010-04-19,2010,2,4,16,0,19,109,229.5,0,168.35454545454544,178.5,229.5,208.56136363636367,184.875,200.8125,174.55615384615385,165.75,255.0,180.525,124.54769610623833,393.6,293.25,,223.79999999999998,126.24571279849465,393.6,208.90200000000002,133.74760549258443,521.1,12.75,0.0
2010-04-20,2010,2,4,16,1,20,110,127.5,0,198.20454545454547,216.75,153.0,208.56136363636367,184.875,200.8125,174.55615384615385,165.75,255.0,180.525,124.54769610623833,76.5,253.35,,200.35714285714286,102.4543452330981,344.25,209.69423076923078,131.10760262236747,521.1,12.75,0.0
2010-04-21,2010,2,4,16,2,21,111,446.25,0,214.33181818181816,240.6,153.0,208.56136363636367,184.875,200.8125,174.55615384615385,165.75,255.0,180.525,124.54769610623833,165.75,344.25,,207.64285714285714,93.61032452215328,344.25,206.65,129.5310714135356,521.1,12.75,0.0
2010-04-22,2010,2,4,16,3,22,112,229.5,0,258.7636363636364,267.75,178.5,208.56136363636367,184.875,200.8125,174.55615384615385,165.75,255.0,180.525,124.54769610623833,318.75,0.0,,247.71428571428572,126.83038448483639,446.25,215.20714285714286,134.93395209720728,521.1,12.75,0.0
2010-04-23,2010,2,4,16,4,23,113,127.5,0,149.96818181818182,127.5,153.0,208.56136363636367,184.875,200.8125,174.55615384615385,165.75,255.0,180.525,124.54769610623833,165.75,0.0,,234.96428571428572,122.92506428133939,446.25,215.70000000000002,132.52908979864438,521.1,12.75,0.0
2010-04-26,2010,2,4,17,0,26,116,280.5,0,168.35454545454544,178.5,229.5,208.56136363636367,184.875,200.8125,174.55615384615385,165.75,255.0,180.525,124.54769610623833,344.25,114.75,102.0,229.5,127.28732262091144,446.25,212.76000000000002,131.2159055224212,521.1,12.75,0.0
2010-04-27,2010,2,4,17,1,27,117,204.0,0,198.20454545454547,216.75,153.0,208.56136363636367,184.875,200.8125,174.55615384615385,165.75,255.0,180.525,124.54769610623833,102.0,165.75,293.25,220.39285714285714,119.76729669297397,446.25,218.71,130.06227381129978,521.1,12.75,0.0
2010-04-28,2010,2,4,17,2,28,118,318.75,0,214.33181818181816,240.6,153.0,208.56136363636367,184.875,200.8125,174.55615384615385,165.75,255.0,180.525,124.54769610623833,229.5,393.6,267.75,234.96428571428572,108.65143316390919,446.25,215.735,129.31708033837361,521.1,12.75,0.0
2010-04-29,2010,2,4,17,3,29,119,369.75,0,258.7636363636364,267.75,178.5,208.56136363636367,184.875,200.8125,174.55615384615385,165.75,255.0,180.525,124.54769610623833,127.5,76.5,267.75,247.71428571428572,113.05091299309099,446.25,217.435,130.35550075691555,521.1,12.75,0.0
2010-04-30,2010,2,4,17,4,30,120,63.75,0,149.96818181818182,127.5,153.0,208.56136363636367,184.875,200.8125,174.55615384615385,165.75,255.0,180.525,124.54769610623833,446.25,165.75,369.75,282.32142857142856,107.03637565933235,446.25,220.835,133.01615156659062,521.1,12.75,0.0
2010-05-03,2010,2,5,18,0,3,123,0.0,0,168.35454545454544,178.5,229.5,108.67857142857143,25.5,216.75,174.55615384615385,165.75,255.0,180.525,124.54769610623833,229.5,318.75,51.0,227.67857142857142,107.03637565933234,369.75,210.63500000000002,132.93561064510217,521.1,12.75,0.0
2010-05-04,2010,2,5,18,1,4,124,267.75,0,198.20454545454547,216.75,153.0,108.67857142857143,25.5,216.75,174.55615384615385,165.75,255.0,180.525,124.54769610623833,127.5,165.75,216.75,194.89285714285714,137.2653192075218,369.75,208.935,135.3515844206207,521.1,12.75,0.0
2010-05-05,2010,2,5,18,2,5,125,306.0,0,214.33181818181816,240.6,153.0,108.67857142857143,25.5,216.75,174.55615384615385,165.75,255.0,180.525,124.54769610623833,280.5,344.25,63.75,214.92857142857142,136.01897189100393,369.75,210.63500000000002,135.77274633206667,521.1,12.75,0.0
2010-05-06,2010,2,5,18,3,6,126,331.5,0,258.7636363636364,267.75,178.5,108.67857142857143,25.5,216.75,174.55615384615385,165.75,255.0,180.525,124.54769610623833,204.0,102.0,521.1,218.57142857142858,138.38862205501474,369.75,218.71,133.92690131766554,521.1,12.75,0.0
2010-05-07,2010,2,5,18,4,7,127,89.25,0,149.96818181818182,127.5,153.0,108.67857142857143,25.5,216.75,174.55615384615385,165.75,255.0,180.525,124.54769610623833,318.75,229.5,229.5,236.78571428571428,144.41068668409352,369.75,212.39,123.2098898851762,446.25,12.75,0.0
2010-05-10,2010,2,5,19,0,10,130,280.5,0,168.35454545454544,178.5,229.5,108.67857142857143,25.5,216.75,174.55615384615385,165.75,255.0,180.525,124.54769610623833,369.75,127.5,102.0,204.0,148.68927331855514,369.75,207.715,125.18326851267801,446.25,12.75,0.0
2010-05-11,2010,2,5,19,1,11,131,216.75,0,198.20454545454547,216.75,153.0,108.67857142857143,25.5,216.75,174.55615384615385,165.75,255.0,180.525,124.54769610623833,63.75,446.25,293.25,191.25,135.3343082887706,331.5,213.665,124.22374013073735,446.25,12.75,0.0
2010-05-12,2010,2,5,19,2,12,132,102.0,0,214.33181818181816,240.6,153.0,108.67857142857143,25.5,216.75,174.55615384615385,165.75,255.0,180.525,124.54769610623833,0.0,229.5,253.35,213.10714285714286,123.11384104617504,331.5,211.11499999999998,123.31558348120623,446.25,12.75,0.0
2010-05-13,2010,2,5,19,3,13,133,357.0,0,258.7636363636364,267.75,178.5,108.67857142857143,25.5,216.75,174.55615384615385,165.75,255.0,180.525,124.54769610623833,267.75,127.5,344.25,227.67857142857142,96.94153245274033,331.5,206.07000000000002,124.61720532121142,446.25,12.75,0.0
2010-05-14,2010,2,5,19,4,14,134,25.5,0,149.96818181818182,127.5,153.0,108.67857142857143,25.5,216.75,174.55615384615385,165.75,255.0,180.525,124.54769610623833,306.0,280.5,0.0,240.42857142857142,108.29461304370459,357.0,206.495,125.12541594543148,446.25,12.75,0.0
2010-05-17,2010,2,5,20,0,17,137,0.0,0,168.35454545454544,178.5,229.5,108.67857142857143,25.5,216.75,174.55615384615385,165.75,255.0,180.525,124.54769610623833,331.5,204.0,0.0,200.35714285714286,129.75681237277237,357.0,207.345,123.75337706990825,446.25,12.75,0.0
2010-05-18,2010,2,5,20,1,18,138,25.5,0,198.20454545454547,216.75,153.0,108.67857142857143,25.5,216.75,174.55615384615385,165.75,255.0,180.525,124.54769610623833,89.25,318.75,114.75,153.0,134.3295853488724,357.0,207.345,123.75337706990825,446.25,12.75,0.0
2010-05-19,2010,2,5,20,2,19,139,89.25,0,214.33181818181816,240.6,153.0,108.67857142857143,25.5,216.75,174.55615384615385,165.75,255.0,180.525,124.54769610623833,280.5,369.75,165.75,143.89285714285714,141.349585627772,357.0,204.37,127.08404807788453,446.25,12.75,0.0
2010-05-20,2010,2,5,20,3,20,140,191.25,0,258.7636363636364,267.75,178.5,108.67857142857143,25.5,216.75,174.55615384615385,165.75,255.0,180.525,124.54769610623833,216.75,63.75,393.6,116.57142857142857,128.43762382684332,357.0,201.82000000000002,128.64363205757803,446.25,12.75,0.0
2010-05-21,2010,2,5,20,4,21,141,0.0,0,149.96818181818182,127.5,153.0,108.67857142857143,25.5,216.75,174.55615384615385,165.75,255.0,180.525,124.54769610623833,102.0,0.0,76.5,112.92857142857143,125.44958435278177,357.0,195.075,123.44112707460293,446.25,12.75,0.0
2010-05-24,2010,2,5,21,0,24,144,0.0,0,168.35454545454544,178.5,229.5,108.67857142857143,25.5,216.75,174.55615384615385,165.75,255.0,180.525,124.54769610623833,357.0,267.75,165.75,98.35714285714286,132.64786224113396,357.0,192.525,126.72163271626458,446.25,12.75,0.0
2010-05-25,2010,2,5,21,1,25,145,0.0,0,198.20454545454547,216.75,153.0,108.67857142857143,25.5,216.75,174.55615384615385,165.75,255.0,180.525,124.54769610623833,25.5,306.0,318.75,47.357142857142854,70.87986566820548,191.25,187.0,131.45420075658183,446.25,12.75,0.0
2010-05-26,2010,2,5,21,2,26,146,0.0,0,214.33181818181816,240.6,153.0,108.67857142857143,25.5,216.75,174.55615384615385,165.75,255.0,180.525,124.54769610623833,0.0,331.5,165.75,43.714285714285715,72.81918654153881,191.25,176.375,133.30677851585736,446.25,12.75,0.0
2010-05-27,2010,2,5,21,3,27,147,0.0,0,258.7636363636364,267.75,178.5,108.67857142857143,25.5,216.75,174.55615384615385,165.75,255.0,180.525,124.54769610623833,25.5,89.25,344.25,43.714285714285715,72.81918654153881,191.25,170.85,137.14197274961143,446.25,12.75,0.0
2010-05-28,2010,2,5,21,4,28,148,0.0,0,149.96818181818182,127.5,153.0,108.67857142857143,25.5,216.75,174.55615384615385,165.75,255.0,180.525,124.54769610623833,89.25,280.5,102.0,40.07142857142857,74.50065915336396,191.25,159.375,136.5336378598379,446.25,12.75,0.0
2010-05-31,2010,2,5,22,0,31,151,0.0,0,168.35454545454544,178.5,229.5,108.67857142857143,25.5,216.75,174.55615384615385,165.75,255.0,180.525,124.54769610623833,191.25,216.75,229.5,27.321428571428573,72.2857054630147,191.25,155.975,139.25457879551834,446.25,12.75,0.0
2010-06-01,2010,2,6,22,1,1,152,0.0,0,198.20454545454547,216.75,153.0,203.4340909090909,242.25,197.625,174.55615384615385,165.75,255.0,180.525,124.54769610623833,0.0,102.0,127.5,0.0,0.0,0.0,148.325,141.36403163342206,446.25,12.75,0.0
2010-06-02,2010,2,6,22,2,2,153,0.0,0,214.33181818181816,240.6,153.0,203.4340909090909,242.25,197.625,174.55615384615385,165.75,255.0,180.525,124.54769610623833,0.0,357.0,446.25,0.0,0.0,0.0,144.075,143.90545791930722,446.25,12.75,0.0
2010-06-03,2010,2,6,22,3,3,154,12.75,0,258.7636363636364,267.75,178.5,203.4340909090909,242.25,197.625,174.55615384615385,165.75,255.0,180.525,124.54769610623833,0.0,25.5,229.5,0.0,0.0,0.0,129.2,134.33932204784958,369.75,12.75,0.0
2010-06-04,2010,2,6,22,4,4,155,0.0,0,149.96818181818182,127.5,153.0,203.4340909090909,242.25,197.625,174.55615384615385,165.75,255.0,180.525,124.54769610623833,0.0,0.0,127.5,1.8214285714285714,4.819047030867647,12.75,121.975,134.58736987292056,369.75,12.75,0.0
2010-06-07,2010,2,6,23,0,7,158,344.25,0,168.35454545454544,178.5,229.5,203.4340909090909,242.25,197.625,174.55615384615385,165.75,255.0,180.525,124.54769610623833,0.0,25.5,280.5,1.8214285714285714,4.819047030867647,12.75,117.725,136.4076729247977,369.75,12.75,0.0
2010-06-08,2010,2,6,23,1,8,159,369.75,0,198.20454545454547,216.75,153.0,203.4340909090909,242.25,197.625,174.55615384615385,165.75,255.0,180.525,124.54769610623833,0.0,89.25,204.0,51.0,129.3983674549258,344.25,119.85,139.49254707565973,369.75,12.75,0.0
2010-06-09,2010,2,6,23,2,9,160,293.25,0,214.33181818181816,240.6,153.0,203.4340909090909,242.25,197.625,174.55615384615385,165.75,255.0,180.525,124.54769610623833,0.0,191.25,318.75,103.82142857142857,173.1730657876268,369.75,125.375,146.0680012575625,369.75,12.75,0.0
2010-06-10,2010,2,6,23,3,10,161,229.5,0,258.7636363636364,267.75,178.5,203.4340909090909,242.25,197.625,174.55615384615385,165.75,255.0,180.525,124.54769610623833,0.0,0.0,369.75,145.71428571428572,179.2357286608098,369.75,124.525,144.9740070340791,369.75,12.75,0.0
2010-06-11,2010,2,6,23,4,11,162,499.2,0,149.96818181818182,127.5,153.0,203.4340909090909,242.25,197.625,174.55615384615385,165.75,255.0,180.525,124.54769610623833,0.0,0.0,63.75,178.5,168.82720456135024,369.75,119.85,138.92880836278496,369.75,12.75,0.5692099788303081
2010-06-14,2010,2,6,24,0,14,165,189.6,0,168.35454545454544,178.5,229.5,203.4340909090909,242.25,197.625,174.55615384615385,165.75,255.0,180.525,124.54769610623833,12.75,0.0,0.0,249.81428571428572,185.47322294221186,499.2,134.36499999999998,154.7159639747,499.2,12.75,1.0392304845413272
2010-06-15,2010,2,6,24,1,15,166,280.5,0,198.20454545454547,216.75,153.0,203.4340909090909,242.25,197.625,174.55615384615385,165.75,255.0,180.525,124.54769610623833,0.0,0.0,267.75,275.0785714285714,157.7763154414683,499.2,140.685,152.89984729136953,499.2,12.75,0.0
2010-06-16,2010,2,6,24,2,16,167,267.75,0,214.33181818181816,240.6,153.0,203.4340909090909,242.25,197.625,174.55615384615385,165.75,255.0,180.525,124.54769610623833,344.25,0.0,306.0,315.15000000000003,102.04682748620851,499.2,141.11,153.28245698934253,499.2,12.75,0.0
2010-06-17,2010,2,6,24,3,17,168,344.25,0,258.7636363636364,267.75,178.5,203.4340909090909,242.25,197.625,174.55615384615385,165.75,255.0,180.525,124.54769610623833,369.75,0.0,331.5,304.2214285714286,102.50629597388502,499.2,139.835,152.01747242476364,499.2,12.75,0.0
2010-06-18,2010,2,6,24,4,18,169,140.25,0,149.96818181818182,127.5,153.0,203.4340909090909,242.25,197.625,174.55615384615385,165.75,255.0,180.525,124.54769610623833,293.25,0.0,89.25,300.5785714285715,100.21696819543943,499.2,140.26000000000002,152.58854376936415,499.2,12.75,0.0
2010-06-21,2010,2,6,25,0,21,172,25.5,0,168.35454545454544,178.5,229.5,203.4340909090909,242.25,197.625,174.55615384615385,165.75,255.0,180.525,124.54769610623833,229.5,0.0,280.5,278.7214285714286,117.3087409969339,499.2,141.96,152.28443520890946,499.2,12.75,0.0
2010-06-22,2010,2,6,25,1,22,173,267.75,0,198.20454545454547,216.75,153.0,203.4340909090909,242.25,197.625,174.55615384615385,165.75,255.0,180.525,124.54769610623833,499.2,0.0,216.75,249.57857142857142,151.8339247806159,499.2,133.45999999999998,151.39899637530053,499.2,12.75,0.0
2010-06-23,2010,2,6,25,2,23,174,267.75,0,214.33181818181816,240.6,153.0,203.4340909090909,242.25,197.625,174.55615384615385,165.75,255.0,180.525,124.54769610623833,189.6,12.75,102.0,216.5142857142857,106.99521684903229,344.25,135.16,152.6476568373423,499.2,12.75,0.0
2010-06-24,2010,2,6,25,3,24,175,178.5,0,258.7636363636364,267.75,178.5,203.4340909090909,242.25,197.625,174.55615384615385,165.75,255.0,180.525,124.54769610623833,280.5,0.0,357.0,227.67857142857142,107.79308054919726,344.25,140.685,154.39566957814182,499.2,12.75,0.0
2010-06-25,2010,2,6,25,4,25,176,140.25,0,149.96818181818182,127.5,153.0,203.4340909090909,242.25,197.625,174.55615384615385,165.75,255.0,180.525,124.54769610623833,267.75,344.25,25.5,213.10714285714286,106.34709848953507,344.25,134.73499999999999,149.12137855821825,499.2,12.75,0.0
2010-06-28,2010,2,6,26,0,28,179,76.5,0,168.35454545454544,178.5,229.5,203.4340909090909,242.25,197.625,174.55615384615385,165.75,255.0,180.525,124.54769610623833,344.25,369.75,0.0,194.89285714285714,106.34709848953509,344.25,138.56,147.687647091584,499.2,12.75,0.0
2010-06-29,2010,2,6,26,1,29,180,255.0,0,198.20454545454547,216.75,153.0,203.4340909090909,242.25,197.625,174.55615384615385,165.75,255.0,180.525,124.54769610623833,140.25,293.25,25.5,156.64285714285714,90.66982881390523,267.75,141.11,145.86189583017355,499.2,12.75,0.0
2010-06-30,2010,2,6,26,2,30,181,293.25,0,214.33181818181816,240.6,153.0,203.4340909090909,242.25,197.625,174.55615384615385,165.75,255.0,180.525,124.54769610623833,25.5,229.5,89.25,173.03571428571428,97.33997857289393,267.75,148.76000000000002,145.6074874922066,499.2,12.75,0.0
2010-07-01,2010,3,7,26,3,1,182,229.5,0,258.7636363636364,267.75,178.5,199.28863636363639,216.75,140.25,197.76818181818183,191.25,149.8125,180.525,124.54769610623833,267.75,499.2,191.25,211.28571428571428,80.92556103340554,293.25,155.56,147.48388480055056,499.2,12.75,0.0
2010-07-02,2010,3,7,26,4,2,183,216.75,0,149.96818181818182,127.5,153.0,199.28863636363639,216.75,140.25,197.76818181818183,191.25,149.8125,180.525,124.54769610623833,267.75,189.6,0.0,205.82142857142858,77.70479852805572,293.25,156.835,147.9676072134802,499.2,12.75,0.0
2010-07-05,2010,3,7,27,0,5,186,242.25,0,168.35454545454544,178.5,229.5,199.28863636363639,216.75,140.25,197.76818181818183,191.25,149.8125,180.525,124.54769610623833,178.5,280.5,0.0,198.53571428571428,73.19030966303835,293.25,164.06,145.31351860599608,499.2,12.75,0.0
2010-07-06,2010,3,7,27,1,6,187,165.75,0,198.20454545454547,216.75,153.0,199.28863636363639,216.75,140.25,197.76818181818183,191.25,149.8125,180.525,124.54769610623833,140.25,267.75,0.0,207.64285714285714,74.24043949993072,293.25,172.13500000000002,142.58770631221793,499.2,12.75,0.0
2010-07-07,2010,3,7,27,2,7,188,318.75,0,214.33181818181816,240.6,153.0,199.28863636363639,216.75,140.25,197.76818181818183,191.25,149.8125,180.525,124.54769610623833,76.5,344.25,0.0,211.28571428571428,70.93445163368392,293.25,177.66,138.85006885374474,499.2,12.75,0.0
2010-07-08,2010,3,7,27,3,8,189,89.25,0,258.7636363636364,267.75,178.5,199.28863636363639,216.75,140.25,197.76818181818183,191.25,149.8125,180.525,124.54769610623833,255.0,140.25,0.0,245.89285714285714,50.31232808311367,318.75,188.285,136.96935231699808,499.2,12.75,0.0
2010-07-09,2010,3,7,27,4,9,190,51.0,0,149.96818181818182,127.5,153.0,199.28863636363639,216.75,140.25,197.76818181818183,191.25,149.8125,180.525,124.54769610623833,293.25,25.5,0.0,222.21428571428572,77.15493457045662,318.75,191.26000000000002,133.66822953195316,499.2,12.75,0.0
2010-07-12,2010,3,7,28,0,12,193,102.0,0,168.35454545454544,178.5,229.5,199.28863636363639,216.75,140.25,197.76818181818183,191.25,149.8125,180.525,124.54769610623833,229.5,267.75,0.0,187.60714285714286,92.7379661041953,318.75,192.96,131.45793243467668,499.2,12.75,0.0
2010-07-13,2010,3,7,28,1,13,194,102.0,0,198.20454545454547,216.75,153.0,199.28863636363639,216.75,140.25,197.76818181818183,191.25,149.8125,180.525,124.54769610623833,216.75,267.75,0.0,169.39285714285714,95.61488041692505,318.75,196.36,127.55631778511236,499.2,12.75,0.0
2010-07-14,2010,3,7,28,2,14,195,140.25,0,214.33181818181816,240.6,153.0,199.28863636363639,216.75,140.25,197.76818181818183,191.25,149.8125,180.525,124.54769610623833,242.25,178.5,0.0,153.0,95.97851322040795,318.75,199.76000000000002,123.43469193226761,499.2,12.75,0.0
2010-07-15,2010,3,7,28,3,15,196,229.5,0,258.7636363636364,267.75,178.5,199.28863636363639,216.75,140.25,197.76818181818183,191.25,149.8125,180.525,124.54769610623833,165.75,140.25,12.75,138.42857142857142,87.54233669651353,318.75,204.435,118.15088041611654,499.2,12.75,0.0
2010-07-16,2010,3,7,28,4,16,197,165.75,0,149.96818181818182,127.5,153.0,199.28863636363639,216.75,140.25,197.76818181818183,191.25,149.8125,180.525,124.54769610623833,318.75,76.5,0.0,147.53571428571428,93.94052069565855,318.75,211.66,112.51794983238356,499.2,12.75,0.0
2010-07-19,2010,3,7,29,0,19,200,278.85,0,168.35454545454544,178.5,229.5,199.28863636363639,216.75,140.25,197.76818181818183,191.25,149.8125,180.525,124.54769610623833,89.25,255.0,344.25,125.67857142857143,58.62623742221345,229.5,217.185,105.6246421336522,499.2,12.75,0.7348469228349538
2010-07-20,2010,3,7,29,1,20,201,331.5,0,198.20454545454547,216.75,153.0,199.28863636363639,216.75,140.25,197.76818181818183,191.25,149.8125,180.525,124.54769610623833,51.0,293.25,369.75,152.7642857142857,79.18460348180986,278.85,215.005,103.56654894484443,499.2,12.75,0.0
2010-07-21,2010,3,7,29,2,21,202,140.25,0,214.33181818181816,240.6,153.0,199.28863636363639,216.75,140.25,197.76818181818183,191.25,149.8125,180.525,124.54769610623833,102.0,229.5,293.25,192.83571428571426,89.41630963404522,331.5,213.73,101.8164631698323,499.2,12.75,0.0
2010-07-22,2010,3,7,29,3,22,203,242.25,0,258.7636363636364,267.75,178.5,199.28863636363639,216.75,140.25,197.76818181818183,191.25,149.8125,180.525,124.54769610623833,102.0,216.75,229.5,198.29999999999998,83.94122944060338,331.5,208.63,101.52743013080524,499.2,12.75,0.0
2010-07-23,2010,3,7,29,4,23,204,102.0,0,149.96818181818182,127.5,153.0,199.28863636363639,216.75,140.25,197.76818181818183,191.25,149.8125,180.525,124.54769610623833,140.25,242.25,499.2,218.33571428571426,73.17181102426977,331.5,209.05499999999998,101.6444244701208,499.2,12.75,0.0
2010-07-26,2010,3,7,30,0,26,207,280.5,0,168.35454545454544,178.5,229.5,199.28863636363639,216.75,140.25,197.76818181818183,191.25,149.8125,180.525,124.54769610623833,229.5,165.75,189.6,212.87142857142857,80.98589824337155,331.5,195.815,87.4216507843571,344.25,12.75,0.0
2010-07-27,2010,3,7,30,1,27,208,267.75,0,198.20454545454547,216.75,153.0,199.28863636363639,216.75,140.25,197.76818181818183,191.25,149.8125,180.525,124.54769610623833,165.75,318.75,280.5,220.15714285714284,84.92922263357221,331.5,198.84499999999997,88.76378994371765,344.25,12.75,0.0
2010-07-28,2010,3,7,30,2,28,209,216.75,0,214.33181818181816,240.6,153.0,199.28863636363639,216.75,140.25,197.76818181818183,191.25,149.8125,180.525,124.54769610623833,278.85,89.25,267.75,234.72857142857143,82.76119691187247,331.5,198.42,88.38907776962905,344.25,12.75,0.0
2010-07-29,2010,3,7,30,3,29,210,357.0,0,258.7636363636364,267.75,178.5,199.28863636363639,216.75,140.25,197.76818181818183,191.25,149.8125,180.525,124.54769610623833,331.5,51.0,344.25,225.85714285714286,80.54202540998627,331.5,196.71999999999997,87.49559259835861,344.25,12.75,0.0
2010-07-30,2010,3,7,30,4,30,211,114.75,0,149.96818181818182,127.5,153.0,199.28863636363639,216.75,140.25,197.76818181818183,191.25,149.8125,180.525,124.54769610623833,140.25,102.0,140.25,229.5,86.47470728484726,357.0,197.14499999999998,88.26450095769171,357.0,12.75,0.0
2010-08-02,2010,3,8,31,0,2,214,293.25,0,168.35454545454544,178.5,229.5,148.28863636363636,140.25,133.875,197.76818181818183,191.25,149.8125,180.525,124.54769610623833,242.25,102.0,25.5,225.85714285714286,91.26550748855162,357.0,196.295,88.95141288056244,357.0,12.75,0.0
2010-08-03,2010,3,8,31,1,3,215,191.25,0,198.20454545454547,216.75,153.0,148.28863636363636,140.25,133.875,197.76818181818183,191.25,149.8125,180.525,124.54769610623833,102.0,140.25,267.75,233.14285714285714,94.7609775020439,357.0,205.21999999999997,84.54705545556814,357.0,12.75,0.0
2010-08-04,2010,3,8,31,2,4,216,240.6,0,214.33181818181816,240.6,153.0,148.28863636363636,140.25,133.875,197.76818181818183,191.25,149.8125,180.525,124.54769610623833,280.5,229.5,267.75,245.89285714285714,78.84212298728941,357.0,202.67,83.74592486225524,357.0,12.75,0.8049844718999248
2010-08-05,2010,3,8,31,3,5,217,0.0,0,258.7636363636364,267.75,178.5,148.28863636363636,140.25,133.875,197.76818181818183,191.25,149.8125,180.525,124.54769610623833,267.75,165.75,178.5,240.19285714285715,77.35137592275183,357.0,201.765,83.16305665004941,357.0,12.75,0.4024922359499624
2010-08-06,2010,3,8,31,4,6,218,63.75,0,149.96818181818182,127.5,153.0,148.28863636363636,140.25,133.875,197.76818181818183,191.25,149.8125,180.525,124.54769610623833,216.75,278.85,140.25,201.94285714285712,117.32517997916251,357.0,195.815,90.90967585352573,357.0,12.75,0.0
2010-08-09,2010,3,8,32,0,9,221,38.25,0,168.35454545454544,178.5,229.5,148.28863636363636,140.25,133.875,197.76818181818183,191.25,149.8125,180.525,124.54769610623833,357.0,331.5,76.5,180.08571428571426,127.88344861072306,357.0,193.265,93.55638641832627,357.0,12.75,0.0
2010-08-10,2010,3,8,32,1,10,222,114.75,0,198.20454545454547,216.75,153.0,148.28863636363636,140.25,133.875,197.76818181818183,191.25,149.8125,180.525,124.54769610623833,114.75,140.25,255.0,134.55,109.8705715831133,293.25,191.98999999999998,95.44414181549628,357.0,12.75,0.0
2010-08-11,2010,3,8,32,2,11,223,140.25,0,214.33181818181816,240.6,153.0,148.28863636363636,140.25,133.875,197.76818181818183,191.25,149.8125,180.525,124.54769610623833,293.25,242.25,293.25,134.55,109.8705715831133,293.25,187.315,95.68591413469964,357.0,12.75,0.0
2010-08-12,2010,3,8,32,3,12,224,318.75,0,258.7636363636364,267.75,178.5,148.28863636363636,140.25,133.875,197.76818181818183,191.25,149.8125,180.525,124.54769610623833,191.25,102.0,229.5,112.69285714285715,85.56860029907513,240.6,182.215,93.90578931696058,357.0,12.75,0.0
2010-08-13,2010,3,8,32,4,13,225,191.25,0,149.96818181818182,127.5,153.0,148.28863636363636,140.25,133.875,197.76818181818183,191.25,149.8125,180.525,124.54769610623833,240.6,280.5,216.75,130.90714285714287,113.94290393500982,318.75,185.19,96.82387796833794,357.0,12.75,0.0
2010-08-16,2010,3,8,33,0,16,228,51.0,0,168.35454545454544,178.5,229.5,148.28863636363636,140.25,133.875,197.76818181818183,191.25,149.8125,180.525,124.54769610623833,0.0,267.75,242.25,123.85714285714286,107.3613308279237,318.75,184.34,96.64903660079638,357.0,12.75,0.0
2010-08-17,2010,3,8,33,1,17,229,51.0,0,198.20454545454547,216.75,153.0,148.28863636363636,140.25,133.875,197.76818181818183,191.25,149.8125,180.525,124.54769610623833,63.75,216.75,165.75,131.14285714285714,98.95683582826847,318.75,177.965,98.97697759998329,357.0,12.75,0.0
2010-08-18,2010,3,8,33,2,18,230,76.5,0,214.33181818181816,240.6,153.0,148.28863636363636,140.25,133.875,197.76818181818183,191.25,149.8125,180.525,124.54769610623833,38.25,357.0,318.75,129.32142857142858,100.5091946753417,318.75,174.14,101.64658296069874,357.0,12.75,0.0
2010-08-19,2010,3,8,33,3,19,231,140.25,0,258.7636363636364,267.75,178.5,148.28863636363636,140.25,133.875,197.76818181818183,191.25,149.8125,180.525,124.54769610623833,114.75,114.75,89.25,134.78571428571428,95.65535232579226,318.75,166.065,99.35900697592233,357.0,12.75,0.0
2010-08-20,2010,3,8,33,4,20,232,127.5,0,149.96818181818182,127.5,153.0,148.28863636363636,140.25,133.875,197.76818181818183,191.25,149.8125,180.525,124.54769610623833,140.25,293.25,51.0,138.42857142857142,95.24985939247226,318.75,167.765,98.43137391446722,357.0,12.75,0.0
2010-08-23,2010,3,8,34,0,23,235,306.0,0,168.35454545454544,178.5,229.5,148.28863636363636,140.25,133.875,197.76818181818183,191.25,149.8125,180.525,124.54769610623833,318.75,191.25,102.0,136.60714285714286,95.33109596109172,318.75,170.315,96.2692803349381,357.0,12.75,0.0
2010-08-24,2010,3,8,34,1,24,236,102.0,0,198.20454545454547,216.75,153.0,148.28863636363636,140.25,133.875,197.76818181818183,191.25,149.8125,180.525,124.54769610623833,191.25,240.6,102.0,134.78571428571428,91.30790726202989,306.0,177.11499999999998,98.45736618911029,357.0,12.75,0.0
2010-08-25,2010,3,8,34,2,25,237,293.25,0,214.33181818181816,240.6,153.0,148.28863636363636,140.25,133.875,197.76818181818183,191.25,149.8125,180.525,124.54769610623833,51.0,0.0,140.25,122.03571428571429,88.29076355186567,306.0,177.11499999999998,98.45736618911029,357.0,12.75,0.0
2010-08-26,2010,3,8,34,3,26,238,178.5,0,258.7636363636364,267.75,178.5,148.28863636363636,140.25,133.875,197.76818181818183,191.25,149.8125,180.525,124.54769610623833,51.0,63.75,229.5,156.64285714285714,102.18955600815026,306.0,182.215,100.42491546698824,357.0,12.75,0.0
2010-08-27,2010,3,8,34,4,27,239,140.25,0,149.96818181818182,127.5,153.0,148.28863636363636,140.25,133.875,197.76818181818183,191.25,149.8125,180.525,124.54769610623833,76.5,38.25,165.75,174.85714285714286,90.9681557312386,306.0,180.515,100.0277505891792,357.0,12.75,0.0
2010-08-30,2010,3,8,35,0,30,242,0.0,0,168.35454545454544,178.5,229.5,148.28863636363636,140.25,133.875,197.76818181818183,191.25,149.8125,180.525,124.54769610623833,140.25,114.75,278.85,183.96428571428572,82.25385357885338,306.0,179.665,100.26560687700344,357.0,12.75,0.0
2010-08-31,2010,3,8,35,1,31,243,204.0,0,198.20454545454547,216.75,153.0,148.28863636363636,140.25,133.875,197.76818181818183,191.25,149.8125,180.525,124.54769610623833,127.5,140.25,331.5,163.92857142857142,107.79308054919728,306.0,170.37,103.62274131309874,357.0,12.75,0.0
2010-09-01,2010,3,9,35,2,1,244,191.25,1,214.33181818181816,240.6,153.0,245.72727272727272,235.875,124.3125,197.76818181818183,191.25,149.8125,247.2906976744186,108.33533327227984,306.0,318.75,140.25,174.85714285714286,107.36133082792368,306.0,166.12,99.31120157676418,357.0,12.75,0.0
2010-09-02,2010,3,9,35,3,2,245,127.5,1,258.7636363636364,267.75,178.5,245.72727272727272,235.875,124.3125,197.76818181818183,191.25,149.8125,247.2906976744186,108.33533327227984,102.0,191.25,242.25,158.46428571428572,91.60415617520555,293.25,167.82000000000002,99.28959524611795,357.0,12.75,0.0
2010-09-03,2010,3,9,35,4,3,246,25.5,1,149.96818181818182,127.5,153.0,245.72727272727272,235.875,124.3125,197.76818181818183,191.25,149.8125,247.2906976744186,108.33533327227984,293.25,51.0,102.0,162.10714285714286,89.46657396560391,293.25,163.995,98.53080154676645,357.0,12.75,0.0
2010-09-06,2010,3,9,36,0,6,249,216.75,1,168.35454545454544,178.5,229.5,245.72727272727272,235.875,124.3125,197.76818181818183,191.25,149.8125,247.2906976744186,108.33533327227984,178.5,51.0,280.5,123.85714285714286,80.87771854560981,204.0,161.44500000000002,101.14579043348166,357.0,12.75,0.0
2010-09-07,2010,3,9,36,1,7,250,216.75,1,198.20454545454547,216.75,153.0,245.72727272727272,235.875,124.3125,197.76818181818183,191.25,149.8125,247.2906976744186,108.33533327227984,140.25,76.5,267.75,129.32142857142858,86.29548490092476,216.75,159.32000000000002,99.20941591853341,357.0,12.75,0.0
2010-09-08,2010,3,9,36,2,8,251,178.5,1,214.33181818181816,240.6,153.0,245.72727272727272,235.875,124.3125,197.76818181818183,191.25,149.8125,247.2906976744186,108.33533327227984,0.0,140.25,216.75,140.25,92.52904949257838,216.75,157.62,97.71301716832782,357.0,12.75,0.0
2010-09-09,2010,3,9,36,3,9,252,267.75,1,258.7636363636364,267.75,178.5,245.72727272727272,235.875,124.3125,197.76818181818183,191.25,149.8125,247.2906976744186,108.33533327227984,204.0,127.5,357.0,165.75,69.0543264394058,216.75,156.345,97.16286127975525,357.0,12.75,0.0
2010-09-10,2010,3,9,36,4,10,253,216.75,1,149.96818181818182,127.5,153.0,245.72727272727272,235.875,124.3125,197.76818181818183,191.25,149.8125,247.2906976744186,108.33533327227984,191.25,306.0,114.75,174.85714285714286,78.49772517177091,267.75,153.37,92.03843893384604,318.75,12.75,0.0
2010-09-13,2010,3,9,37,0,13,256,344.25,1,168.35454545454544,178.5,229.5,245.72727272727272,235.875,124.3125,197.76818181818183,191.25,149.8125,247.2906976744186,108.33533327227984,127.5,102.0,293.25,178.5,79.96327281946392,267.75,156.77,92.44567332894155,318.75,12.75,0.0
2010-09-14,2010,3,9,37,1,14,257,102.0,1,198.20454545454547,216.75,153.0,245.72727272727272,235.875,124.3125,197.76818181818183,191.25,149.8125,247.2906976744186,108.33533327227984,25.5,293.25,191.25,209.46428571428572,97.06123803337482,344.25,158.47,95.46169713916494,344.25,12.75,0.0
2010-09-15,2010,3,9,37,2,15,258,293.25,1,214.33181818181816,240.6,153.0,245.72727272727272,235.875,124.3125,197.76818181818183,191.25,149.8125,247.2906976744186,108.33533327227984,216.75,178.5,240.6,220.39285714285714,74.60449287504657,344.25,155.495,95.79503024147711,344.25,12.75,0.0
2010-09-16,2010,3,9,37,3,16,259,267.75,1,258.7636363636364,267.75,178.5,245.72727272727272,235.875,124.3125,197.76818181818183,191.25,149.8125,247.2906976744186,108.33533327227984,216.75,140.25,0.0,231.32142857142858,79.42904515531917,344.25,157.25,97.86780757031745,344.25,12.75,0.0
2010-09-17,2010,3,9,37,4,17,260,127.5,1,149.96818181818182,127.5,153.0,245.72727272727272,235.875,124.3125,197.76818181818183,191.25,149.8125,247.2906976744186,108.33533327227984,178.5,0.0,63.75,238.60714285714286,80.2049272622504,344.25,166.175,95.20543010991439,344.25,12.75,0.0
2010-09-20,2010,3,9,38,0,20,263,178.5,1,168.35454545454544,178.5,229.5,245.72727272727272,235.875,124.3125,197.76818181818183,191.25,149.8125,247.2906976744186,108.33533327227984,267.75,204.0,38.25,231.32142857142858,88.46594381051803,344.25,168.3,93.53729663652337,344.25,12.75,0.0
2010-09-21,2010,3,9,38,1,21,264,255.0,1,198.20454545454547,216.75,153.0,245.72727272727272,235.875,124.3125,197.76818181818183,191.25,149.8125,247.2906976744186,108.33533327227984,216.75,191.25,114.75,218.57142857142858,88.7716774330965,344.25,172.975,90.26071791358555,344.25,12.75,0.0
2010-09-22,2010,3,9,38,2,22,265,178.5,1,214.33181818181816,240.6,153.0,245.72727272727272,235.875,124.3125,197.76818181818183,191.25,149.8125,247.2906976744186,108.33533327227984,344.25,127.5,140.25,224.03571428571428,89.81200603800947,344.25,177.65,90.77163463975086,344.25,12.75,0.0
2010-09-23,2010,3,9,38,3,23,266,382.5,1,258.7636363636364,267.75,178.5,245.72727272727272,235.875,124.3125,197.76818181818183,191.25,149.8125,247.2906976744186,108.33533327227984,102.0,25.5,318.75,200.35714285714286,73.13740737230762,293.25,178.925,90.49640757777495,344.25,12.75,0.0
2010-09-24,2010,3,9,38,4,24,267,382.5,1,149.96818181818182,127.5,153.0,245.72727272727272,235.875,124.3125,197.76818181818183,191.25,149.8125,247.2906976744186,108.33533327227984,293.25,216.75,191.25,240.42857142857142,85.98094680966089,382.5,181.05,94.55060221548221,382.5,12.75,0.0
2010-09-27,2010,3,9,39,0,27,270,573.75,1,168.35454545454544,178.5,229.5,245.72727272727272,235.875,124.3125,197.76818181818183,191.25,149.8125,247.2906976744186,108.33533327227984,267.75,216.75,51.0,253.17857142857142,100.50919467534169,382.5,187.425,101.45723045731623,382.5,12.75,0.0
2010-09-28,2010,3,9,39,1,28,271,306.0,1,198.20454545454547,216.75,153.0,245.72727272727272,235.875,124.3125,197.76818181818183,191.25,149.8125,247.2906976744186,108.33533327227984,127.5,178.5,51.0,296.89285714285717,158.00302325317347,573.75,204.85,120.35003903843048,573.75,12.75,0.0
2010-09-29,2010,3,9,39,2,29,272,306.0,1,214.33181818181816,240.6,153.0,245.72727272727272,235.875,124.3125,197.76818181818183,191.25,149.8125,247.2906976744186,108.33533327227984,178.5,267.75,76.5,322.39285714285717,139.41961969946294,573.75,213.35,118.09315799620765,573.75,12.75,0.0
2010-09-30,2010,3,9,39,3,30,273,267.75,1,258.7636363636364,267.75,178.5,245.72727272727272,235.875,124.3125,197.76818181818183,191.25,149.8125,247.2906976744186,108.33533327227984,255.0,216.75,140.25,340.60714285714283,125.07879659295925,573.75,221.0,116.34287169011891,573.75,12.75,0.0
2010-10-01,2010,4,10,39,4,1,274,242.25,1,149.96818181818182,127.5,153.0,248.92857142857142,255.0,140.25,248.92857142857142,255.0,140.25,247.2906976744186,108.33533327227984,178.5,344.25,127.5,342.42857142857144,123.70973370873341,573.75,225.25,115.6178865472605,573.75,12.75,0.0
2010-10-04,2010,4,10,40,0,4,277,191.25,1,168.35454545454544,178.5,229.5,248.92857142857142,255.0,140.25,248.92857142857142,255.0,140.25,247.2906976744186,108.33533327227984,382.5,102.0,306.0,351.5357142857143,111.36065924989599,573.75,229.075,114.16146969881358,573.75,12.75,0.0
2010-10-05,2010,4,10,40,1,5,278,267.75,1,198.20454545454547,216.75,153.0,248.92857142857142,255.0,140.25,248.92857142857142,255.0,140.25,247.2906976744186,108.33533327227984,382.5,293.25,102.0,324.2142857142857,125.10973754497067,573.75,225.25,113.41512852926796,573.75,12.75,0.0
2010-10-06,2010,4,10,40,2,6,279,255.0,1,214.33181818181816,240.6,153.0,248.92857142857142,255.0,140.25,248.92857142857142,255.0,140.25,247.2906976744186,108.33533327227984,573.75,267.75,293.25,307.82142857142856,123.70973370873341,573.75,230.775,111.21998529630532,573.75,12.75,0.0
2010-10-07,2010,4,10,40,3,7,280,395.25,1,258.7636363636364,267.75,178.5,248.92857142857142,255.0,140.25,248.92857142857142,255.0,140.25,247.2906976744186,108.33533327227984,306.0,127.5,178.5,262.2857142857143,39.54360161355368,306.0,229.5,110.69710537286448,573.75,12.75,0.0
2010-10-08,2010,4,10,40,4,8,281,76.5,1,149.96818181818182,127.5,153.0,248.92857142857142,255.0,140.25,248.92857142857142,255.0,140.25,247.2906976744186,108.33533327227984,306.0,178.5,140.25,275.0357142857143,63.26242114060642,395.25,236.725,114.26944394266364,573.75,12.75,0.0
2010-10-11,2010,4,10,41,0,11,284,191.25,1,168.35454545454544,178.5,229.5,248.92857142857142,255.0,140.25,248.92857142857142,255.0,140.25,247.2906976744186,108.33533327227984,267.75,255.0,0.0,242.25,95.69580711818055,395.25,234.6,116.69246717998448,573.75,12.75,0.0
2010-10-12,2010,4,10,41,1,12,285,165.75,1,198.20454545454547,216.75,153.0,248.92857142857142,255.0,140.25,248.92857142857142,255.0,140.25,247.2906976744186,108.33533327227984,242.25,178.5,204.0,231.32142857142858,96.66164293185655,395.25,240.975,108.36077492849283,573.75,12.75,0.0
2010-10-13,2010,4,10,41,2,13,286,191.25,1,214.33181818181816,240.6,153.0,248.92857142857142,255.0,140.25,248.92857142857142,255.0,140.25,247.2906976744186,108.33533327227984,191.25,382.5,191.25,220.39285714285714,99.5029163248137,395.25,239.7,109.03377363506905,573.75,12.75,0.0
2010-10-14,2010,4,10,41,3,14,287,446.25,1,258.7636363636364,267.75,178.5,248.92857142857142,255.0,140.25,248.92857142857142,255.0,140.25,247.2906976744186,108.33533327227984,267.75,382.5,127.5,220.39285714285714,99.5029163248137,395.25,239.7,109.03377363506905,573.75,12.75,0.0
2010-10-15,2010,4,10,41,4,15,288,178.5,1,149.96818181818182,127.5,153.0,248.92857142857142,255.0,140.25,248.92857142857142,255.0,140.25,247.2906976744186,108.33533327227984,255.0,573.75,25.5,245.89285714285714,131.41662892169649,446.25,250.325,113.17516081659484,573.75,12.75,0.0
2010-10-18,2010,4,10,42,0,18,291,102.0,1,168.35454545454544,178.5,229.5,248.92857142857142,255.0,140.25,248.92857142857142,255.0,140.25,247.2906976744186,108.33533327227984,395.25,306.0,216.75,234.96428571428572,133.69418060847468,446.25,255.425,105.90857211081529,573.75,12.75,0.0
2010-10-19,2010,4,10,42,1,19,292,293.25,1,198.20454545454547,216.75,153.0,248.92857142857142,255.0,140.25,248.92857142857142,255.0,140.25,247.2906976744186,108.33533327227984,76.5,306.0,216.75,193.07142857142858,120.37975624782487,446.25,251.6,109.36914713404153,573.75,12.75,0.0
2010-10-20,2010,4,10,42,2,20,293,344.25,1,214.33181818181816,240.6,153.0,248.92857142857142,255.0,140.25,248.92857142857142,255.0,140.25,247.2906976744186,108.33533327227984,191.25,267.75,178.5,224.03571428571428,113.05091299309106,446.25,254.15,109.42038910424408,573.75,12.75,0.0
2010-10-21,2010,4,10,42,3,21,294,369.75,1,258.7636363636364,267.75,178.5,248.92857142857142,255.0,140.25,248.92857142857142,255.0,140.25,247.2906976744186,108.33533327227984,165.75,242.25,267.75,245.89285714285714,120.21888519339578,446.25,259.675,109.65323772284833,573.75,12.75,0.0
2010-10-22,2010,4,10,42,4,22,295,382.5,1,149.96818181818182,127.5,153.0,248.92857142857142,255.0,140.25,248.92857142857142,255.0,140.25,247.2906976744186,108.33533327227984,191.25,191.25,216.75,275.0357142857143,122.26205023870426,446.25,263.075,111.47841042721838,573.75,12.75,0.0
2010-10-25,2010,4,10,43,0,25,298,318.75,1,168.35454545454544,178.5,229.5,248.92857142857142,255.0,140.25,248.92857142857142,255.0,140.25,247.2906976744186,108.33533327227984,446.25,267.75,344.25,302.35714285714283,121.78625890117027,446.25,268.6,113.19744727230187,573.75,12.75,0.0
2010-10-26,2010,4,10,43,1,26,299,153.0,1,198.20454545454547,216.75,153.0,248.92857142857142,255.0,140.25,248.92857142857142,255.0,140.25,247.2906976744186,108.33533327227984,178.5,255.0,102.0,284.14285714285717,105.0655407692878,382.5,267.75,112.70446936032815,573.75,12.75,0.0
2010-10-27,2010,4,10,43,2,27,300,267.75,1,214.33181818181816,240.6,153.0,248.92857142857142,255.0,140.25,248.92857142857142,255.0,140.25,247.2906976744186,108.33533327227984,102.0,395.25,293.25,280.5,109.67964715479357,382.5,269.45,110.4808338815944,573.75,12.75,0.0
2010-10-28,2010,4,10,43,3,28,301,114.75,1,258.7636363636364,267.75,178.5,248.92857142857142,255.0,140.25,248.92857142857142,255.0,140.25,247.2906976744186,108.33533327227984,293.25,76.5,267.75,304.17857142857144,78.05269511224921,382.5,268.6,110.38946726367813,573.75,12.75,0.0
2010-10-29,2010,4,10,43,4,29,302,280.5,1,149.96818181818182,127.5,153.0,248.92857142857142,255.0,140.25,248.92857142857142,255.0,140.25,247.2906976744186,108.33533327227984,344.25,191.25,127.5,278.67857142857144,106.27428293940983,382.5,263.5,113.90831158557265,573.75,12.75,0.0
2010-11-01,2010,4,11,44,0,1,305,25.5,1,168.35454545454544,178.5,229.5,,,,248.92857142857142,255.0,140.25,247.2906976744186,108.33533327227984,,,,,,,,,,,
2010-11-02,2010,4,11,44,1,2,306,114.75,1,198.20454545454547,216.75,153.0,,,,248.92857142857142,255.0,140.25,247.2906976744186,108.33533327227984,,,,,,,,,,,
2010-11-03,2010,4,11,44,2,3,307,216.75,1,214.33181818181816,240.6,153.0,,,,248.92857142857142,255.0,140.25,247.2906976744186,108.33533327227984,,,,,,,,,,,
2010-11-04,2010,4,11,44,3,4,308,446.25,1,258.7636363636364,267.75,178.5,,,,248.92857142857142,255.0,140.25,247.2906976744186,108.33533327227984,,,,,,,,,,,
2010-11-05,2010,4,11,44,4,5,309,267.75,1,149.96818181818182,127.5,153.0,,,,248.92857142857142,255.0,140.25,247.2906976744186,108.33533327227984,,,,,,,,,,,
2010-11-08,2010,4,11,45,0,8,312,102.0,1,168.35454545454544,178.5,229.5,,,,248.92857142857142,255.0,140.25,247.2906976744186,108.33533327227984,,,,,,,,,,,
2010-11-09,2010,4,11,45,1,9,313,193.2,1,198.20454545454547,216.75,153.0,,,,248.92857142857142,255.0,140.25,247.2906976744186,108.33533327227984,,,,,,,,,,,
2010-11-10,2010,4,11,45,2,10,314,765.0,1,214.33181818181816,240.6,153.0,,,,248.92857142857142,255.0,140.25,247.2906976744186,108.33533327227984,,,,,,,,,,,
2010-11-11,2010,4,11,45,3,11,315,280.5,1,258.7636363636364,267.75,178.5,,,,248.92857142857142,255.0,140.25,247.2906976744186,108.33533327227984,,,,,,,,,,,
2010-11-12,2010,4,11,45,4,12,316,89.25,1,149.96818181818182,127.5,153.0,,,,248.92857142857142,255.0,140.25,247.2906976744186,108.33533327227984,,,,,,,,,,,
2010-11-15,2010,4,11,46,0,15,319,306.0,1,168.35454545454544,178.5,229.5,,,,248.92857142857142,255.0,140.25,247.2906976744186,108.33533327227984,,,,,,,,,,,
2010-11-16,2010,4,11,46,1,16,320,242.25,1,198.20454545454547,216.75,153.0,,,,248.92857142857142,255.0,140.25,247.2906976744186,108.33533327227984,,,,,,,,,,,
2010-11-17,2010,4,11,46,2,17,321,63.75,1,214.33181818181816,240.6,153.0,,,,248.92857142857142,255.0,140.25,247.2906976744186,108.33533327227984,,,,,,,,,,,
2010-11-18,2010,4,11,46,3,18,322,191.25,1,258.7636363636364,267.75,178.5,,,,248.92857142857142,255.0,140.25,247.2906976744186,108.33533327227984,,,,,,,,,,,
2010-11-19,2010,4,11,46,4,19,323,114.75,1,149.96818181818182,127.5,153.0,,,,248.92857142857142,255.0,140.25,247.2906976744186,108.33533327227984,,,,,,,,,,,
2010-11-22,2010,4,11,47,0,22,326,204.0,1,168.35454545454544,178.5,229.5,,,,248.92857142857142,255.0,140.25,247.2906976744186,108.33533327227984,,,,,,,,,,,
2010-11-23,2010,4,11,47,1,23,327,293.25,1,198.20454545454547,216.75,153.0,,,,248.92857142857142,255.0,140.25,247.2906976744186,108.33533327227984,,,,,,,,,,,
2010-11-24,2010,4,11,47,2,24,328,306.0,1,214.33181818181816,240.6,153.0,,,,248.92857142857142,255.0,140.25,247.2906976744186,108.33533327227984,,,,,,,,,,,
2010-11-25,2010,4,11,47,3,25,329,395.25,1,258.7636363636364,267.75,178.5,,,,248.92857142857142,255.0,140.25,247.2906976744186,108.33533327227984,,,,,,,,,,,
2010-11-26,2010,4,11,47,4,26,330,76.5,1,149.96818181818182,127.5,153.0,,,,248.92857142857142,255.0,140.25,247.2906976744186,108.33533327227984,,,,,,,,,,,
2010-11-29,2010,4,11,48,0,29,333,191.25,1,168.35454545454544,178.5,229.5,,,,248.92857142857142,255.0,140.25,247.2906976744186,108.33533327227984,,,,,,,,,,,
2010-11-30,2010,4,11,48,1,30,334,331.5,1,198.20454545454547,216.75,153.0,,,,248.92857142857142,255.0,140.25,247.2906976744186,108.33533327227984,,,,,,,,,,,
2010-12-01,2010,4,12,48,2,1,335,153.0,1,214.33181818181816,240.6,153.0,,,,248.92857142857142,255.0,140.25,247.2906976744186,108.33533327227984,,,,,,,,,,,
2010-12-02,2010,4,12,48,3,2,336,306.0,1,258.7636363636364,267.75,178.5,,,,248.92857142857142,255.0,140.25,247.2906976744186,108.33533327227984,,,,,,,,,,,
2010-12-03,2010,4,12,48,4,3,337,204.0,1,149.96818181818182,127.5,153.0,,,,248.92857142857142,255.0,140.25,247.2906976744186,108.33533327227984,,,,,,,,,,,
2010-12-06,2010,4,12,49,0,6,340,395.25,1,168.35454545454544,178.5,229.5,,,,248.92857142857142,255.0,140.25,247.2906976744186,108.33533327227984,,,,,,,,,,,
2010-12-07,2010,4,12,49,1,7,341,242.25,1,198.20454545454547,216.75,153.0,,,,248.92857142857142,255.0,140.25,247.2906976744186,108.33533327227984,,,,,,,,,,,
2010-12-08,2010,4,12,49,2,8,342,369.75,1,214.33181818181816,240.6,153.0,,,,248.92857142857142,255.0,140.25,247.2906976744186,108.33533327227984,,,,,,,,,,,
2010-12-09,2010,4,12,49,3,9,343,140.25,1,258.7636363636364,267.75,178.5,,,,248.92857142857142,255.0,140.25,247.2906976744186,108.33533327227984,,,,,,,,,,,
